,mes,ano,ano_mes,estoque,exportacao,processamento,compra_liquida,importacao,saldo,producao,chicago_cbot_u$/t,fob_porto_paranagua_u$/t,maringa_r$/saca,mogiana_r$/saca,passofundo_r$/saca,rondonopolis_r$/saca,usdbrl
0,1,1996,1996-01-01,,,,,,,,273.661440975,285.236245125,15.33,14.17,15.02,12.53,0.9727
1,2,1996,1996-02-01,,,,,,,,268.958028495,277.703436075,13.67,13.94,13.64,11.57,0.9782
2,3,1996,1996-03-01,,,,,,,,267.392674029,274.558028979,12.38,13.06,13.38,10.25,0.9842
3,4,1996,1996-04-01,,,,,,,,291.369054054,300.922860654,14.04,14.04,14.33,11.68,0.985
4,5,1996,1996-05-01,,,,,,,,296.120235567,305.343333477,14.44,14.61,15.22,12.41,0.9905
5,6,1996,1996-06-01,,,,,,,,283.906061283,289.601599833,13.97,13.87,14.71,11.77,1.018
6,7,1996,1996-07-01,,,,,,,,282.590575605,289.388476455,14.28,14.23,14.89,11.74,1.016
7,8,1996,1996-08-01,,,,,,,,291.369054054,307.672992471,15.44,14.84,16.05,12.3,1.0205
8,9,1996,1996-09-01,,,,,,,,293.066691996,309.602126496,18.19,17.75,18.25,15.14,1.0158
9,10,1996,1996-10-01,,,,,,,,259.628368896,278.368527996,17.56,17.61,17.77,15.16,1.0305
10,11,1996,1996-11-01,,,,,,,,256.185323979,264.269314179,17.87,17.63,18.18,15.76,1.05
11,12,1996,1996-12-01,,,,,,,,256.920232179,265.555403529,17.85,17.79,17.83,15.8,1.033
12,1,1997,1997-01-01,,14.03,,,,,,266.69818578,275.2231209,16.47,16.73,16.71,14.49,1.052
13,2,1997,1997-02-01,,17.095,,,57.663777,,,281.539656879,285.533882946,15.65,15.64,16.95,13.13,1.0455
14,3,1997,1997-03-01,,550.1575539999999,,,32.0,,,308.455669704,303.403175829,15.98,16.11,17.09,13.42,1.05
15,4,1997,1997-04-01,,1598.8864489999996,,,167.0,,,314.09976468,304.6194489,16.66,16.84,17.42,14.23,1.0701
16,5,1997,1997-05-01,,1697.3126799999998,,,49.999502,,,319.042022325,307.423123683,17.32,17.23,17.71,14.89,1.0652
17,6,1997,1997-06-01,,1345.8087970000001,,,98.75998200000001,,,299.361180729,288.429421254,17.05,16.9,17.22,14.95,1.069
18,7,1997,1997-07-01,,1670.251481,,,159.56524000000002,,,257.9527782,283.85829225,16.53,15.97,16.82,14.33,1.08
19,8,1997,1997-08-01,,986.59781,,,78.91243,,,243.853564383,285.375877683,17.86,17.24,18.12,15.58,1.0834
20,9,1997,1997-09-01,,348.74601,,,43.75,,,234.825217146,289.943332146,19.34,18.78,19.12,16.66,1.0916
21,10,1997,1997-10-01,,105.54094299999997,,,31.307495,,,248.58269865,303.70081365,18.86,19.03,18.83,16.85,1.0975
22,11,1997,1997-11-01,,4.899180000000001,,,74.26482600000001,,,266.95540365,322.07351865,20.21,18.9,20.56,16.97,1.1025
23,12,1997,1997-12-01,,0.26412,,,226.99739599999998,,,253.084011375,308.202126375,20.03,19.09,19.74,17.11,1.111
24,1,1998,1998-01-01,,1.62416,,,375.96868199999994,,,246.675611871,301.795611871,17.44,18.09,17.96,14.65,1.1177
25,2,1998,1998-02-01,,21.248399999999997,,,103.36153,,,247.550152629,276.950152629,15.57,14.63,16.47,13.45,1.125
26,3,1998,1998-03-01,,399.346036,,,59.04212,,,241.281385683,237.606844683,13.92,13.95,14.75,11.65,1.1311
27,4,1998,1998-04-01,,1859.8167670000003,,,56.803,,,235.32,231.75,13.66,13.41,14.12,11.16,1.1375
28,5,1998,1998-05-01,,1894.6127069999995,,,55.873709999999996,,,234.549626571,233.539127796,14.11,13.48,14.37,11.62,1.1453
29,6,1998,1998-06-01,,1468.3381520000003,,,44.756737,,,231.727579083,229.302382023,13.77,13.26,13.9,11.46,1.1525
30,7,1998,1998-07-01,,1160.333462,,,52.624205,,,227.93177823,225.94752609,13.71,12.93,13.8,11.5,1.1565
31,8,1998,1998-08-01,,881.387828,,,26.51796,,,196.635712533,213.171147033,13.38,13.16,13.28,11.21,1.1655
32,9,1998,1998-09-01,,962.4691849999997,,,22.85702,,,192.501853908,218.223640908,14.1,13.79,14.13,12.11,1.1789
33,10,1998,1998-10-01,,409.859085,,,11.66156,,,199.41734007,227.89503282,14.53,14.16,14.37,12.68,1.1837
34,11,1998,1998-11-01,,166.28069099999993,,,14.21,,,211.6535616,211.6535616,14.68,14.25,14.88,12.91,1.188
35,12,1998,1998-12-01,,62.39182000000001,,,4.55,,,205.88453223,205.88453223,14.26,13.84,14.14,11.91,1.2021
36,1,1999,1999-01-01,623.8,39.262486,651.37,397.95,,0.0,3137.7000000000003,195.599491971,198.998442396,15.02,14.64,14.72,13.56,1.204
37,2,1999,1999-02-01,1294.48,142.74174,891.52,1562.0,,670.6800000000001,4706.55,178.4448973125,174.0354481125,17.87,17.39,17.67,15.16,1.9
38,3,1999,1999-03-01,5121.27,523.877889,1799.8,5626.6,19.05,3826.7900000000004,7844.25,177.021012675,169.304476575,16.74,16.78,17.4,14.39,1.89
39,4,1999,1999-04-01,8237.95,1568.1706119999997,2317.33,5434.0,132.40401,3116.6800000000003,6275.400000000001,177.733873629,170.752245729,15.28,15.36,15.94,13.02,1.73
40,5,1999,1999-05-01,7731.05,1860.8943369999997,2483.9,1977.0,68.982,-506.90000000000055,3137.7000000000003,171.648833733,167.514975108,15.29,15.2,15.72,13.2,1.67
41,6,1999,1999-06-01,6656.48,1422.179649,2234.57,1160.0,102.503235,-1074.5700000000006,1568.8500000000001,169.969568496,172.174293096,16.01,15.93,16.31,13.82,1.77
42,7,1999,1999-07-01,5429.49,1252.347954,2045.99,819.0,75.659139,-1226.9899999999998,1568.8500000000001,159.037809021,166.938072171,15.65,15.64,15.82,13.83,1.81
43,8,1999,1999-08-01,4266.11,774.4754979999999,2120.38,957.0,68.4712,-1163.38,1568.8500000000001,167.537022354,170.752245729,17.74,17.09,17.37,15.01,1.84
44,9,1999,1999-09-01,3345.6,703.024146,1947.52,1027.0,50.599765,-920.5099999999998,1568.8500000000001,177.755920875,183.047259915,20.45,19.98,20.65,16.8,1.87
45,10,1999,1999-10-01,2553.12,322.83747799999986,1880.47,1088.0,26.900235,-792.48,1568.8500000000001,178.32547473,178.32547473,21.38,20.84,21.68,18.33,1.94
46,11,1999,1999-11-01,1479.22,186.16279600000001,1779.9,706.0,17.9,-1073.8999999999999,1568.8500000000001,170.223111825,170.223111825,20.42,20.45,20.6,17.91,1.93
47,12,1999,1999-12-01,660.08,114.94086,1323.14,504.0,19.55715,-819.14,1568.8500000000001,169.91077584,169.91077584,19.56,19.09,19.48,16.54,1.86
48,1,2000,2000-01-01,459.15,33.611619999999995,820.48,619.55,33.46977,-200.93000000000006,3412.7000000000003,182.764320258,182.764320258,19.67,18.52,19.86,16.97,1.82
49,2,2000,2000-02-01,888.0,59.205827,1032.1,1461.1,,428.85,5119.05,185.38059345,188.68768035,19.19,18.63,19.21,16.51,1.76
50,3,2000,2000-03-01,4354.0,563.36534,1873.89,5339.89,64.55805,3466.0,8531.75,190.48820544,187.62206346,17.61,17.75,18.22,15.03,1.74
51,4,2000,2000-04-01,8645.0,1605.2319470000002,2373.0,6664.0,157.1054,4291.0,6825.400000000001,197.186893683,193.787943258,18.02,17.91,18.27,15.49,1.74
52,5,2000,2000-05-01,8445.0,1769.8145479999998,2384.0,2183.99,97.5,-200.0,3412.7000000000003,200.953298208,197.646211308,18.98,18.52,19.3,15.93,1.836
53,6,2000,2000-06-01,6865.0,1791.613782,2104.0,523.9900000000001,57.086805,-1580.0,1706.3500000000001,186.59319198,190.3412238,18.17,17.88,18.61,15.03,1.801
54,7,2000,2000-07-01,4991.0,1851.2913569999998,2005.0,131.0000000000001,46.885546,-1874.0,1706.3500000000001,170.245159071,179.798965671,17.25,17.18,17.72,14.56,1.8
55,8,2000,2000-08-01,3829.0,2010.500747,1796.0,634.0,70.02853999999999,-1162.0,1706.3500000000001,168.088203504,180.122325279,17.32,17.03,17.35,14.64,1.798
56,9,2000,2000-09-01,2972.0,791.7953860000001,1713.0,856.0,82.782448,-857.0,1706.3500000000001,179.457233358,186.163270683,18.58,18.09,18.94,15.83,1.82
57,10,2000,2000-10-01,2181.0,597.9516300000001,1740.0,949.0,64.08,-791.0,1706.3500000000001,173.8057893,179.13387375,18.73,18.15,18.91,16.07,1.854
58,11,2000,2000-11-01,1612.0,328.678928,1741.0,1172.0,75.001021,-569.0,1706.3500000000001,177.77429358,177.77429358,19.47,18.87,19.8,16.96,1.951
59,12,2000,2000-12-01,969.0,114.01146900000002,1598.0,954.9999999999999,58.9,-643.0,1706.3500000000001,184.969044858,184.969044858,21.81,20.47,22.0,19.14,1.967
60,1,2001,2001-01-01,429.0,295.76625699999994,1218.0,678.01,20.4255,-540.0,3905.8,175.690828833,175.690828833,20.19,19.57,20.94,17.83,1.949
61,2,2001,2001-02-01,680.34,92.302365,1289.57,1540.91,8.71781,251.34000000000003,5858.7,167.334922599,166.085578659,17.87,17.51,19.79,15.47,1.98
62,3,2001,2001-03-01,5011.86,902.753591,1915.48,6247.33,49.4745,4331.5199999999995,9764.5,163.77429237,161.56956777,16.8,18.15,18.21,14.87,2.045
63,4,2001,2001-04-01,9437.03,1992.2612250000002,2271.57,6696.799999999999,77.92336,4425.170000000001,7811.6,158.99738907,158.99738907,17.1,18.27,17.59,14.98,2.165
64,5,2001,2001-05-01,9204.77,2541.3357009999995,2342.1,2109.84,100.841562,-232.26000000000022,3905.8,163.48032909,163.55381991,18.81,18.97,19.3,16.32,2.293
65,6,2001,2001-06-01,8127.54,2652.6235670000005,2171.93,1094.69,47.366519,-1077.2300000000005,1952.9,171.71130093,173.47508061,21.19,20.71,21.81,18.67,2.359
66,7,2001,2001-07-01,6642.54,1952.5563049999996,2216.71,731.71,75.986595,-1485.0,1952.9,188.1364992,195.8530353,25.02,24.53,25.44,22.43,2.429
67,8,2001,2001-08-01,4841.88,2495.8389310000002,2198.45,398.1199999999999,108.934425,-1800.6599999999999,1952.9,181.1548713,197.3228517,27.04,25.77,27.14,24.08,2.46
68,9,2001,2001-09-01,3673.0,1502.6522000000002,2038.7,870.8699999999999,44.878,-1168.88,1952.9,174.9081516,191.8110402,28.85,27.72,28.78,25.46,2.581
69,10,2001,2001-10-01,2424.82,827.863306,2086.37,838.21,132.42088999999999,-1248.1799999999998,1952.9,163.8845286,175.2756057,29.52,28.38,29.77,25.85,2.78
70,11,2001,2001-11-01,1397.54,193.03618699999998,1866.14,838.8599999999999,102.48443900000001,-1027.2800000000002,1952.9,162.4147122,162.4147122,30.0,29.42,29.95,25.65,2.537
71,12,2001,2001-12-01,572.74,226.552401,1488.77,662.89,80.1296,-824.8,1952.9,159.750669975,159.750669975,27.3,27.89,27.16,24.12,2.348
72,1,2002,2002-01-01,340.88,142.134115,887.42,655.05,25.0,-231.86,4276.900000000001,159.18111612,167.908150995,25.68,27.17,26.92,21.44,2.408
73,2,2002,2002-02-01,1170.05,81.84029499999998,1436.88,2266.4199999999996,50.33961,829.17,6415.349999999999,161.2434522562,162.4376780812,22.13,22.53,24.49,18.31,2.455
74,3,2002,2002-03-01,6941.51,651.1958099999999,2132.18,7903.43,116.68915,5771.46,10692.25,165.35,161.67546,20.45,20.67,21.63,17.7,2.35
75,4,2002,2002-04-01,12484.48,1707.0657330000004,2362.77,7905.55,136.716454,5542.969999999999,8553.800000000001,172.244109375,174.8622198375,21.81,21.34,22.01,18.66,2.294
76,5,2002,2002-05-01,11705.43,1263.7562790000002,2480.26,1701.2000000000003,83.98774,-779.0499999999993,4276.900000000001,177.18636702,183.80054082,24.49,23.59,24.59,21.85,2.46
77,6,2002,2002-06-01,10080.94,1256.7481320000004,2510.7,886.1999999999999,74.26726,-1624.4899999999998,2138.4500000000003,184.8753440625,194.1535600875,28.36,27.42,29.0,25.27,2.635
78,7,2002,2002-07-01,8517.73,2594.472791,2610.52,1047.3199999999997,118.548614,-1563.210000000001,2138.4500000000003,206.69293125,210.2296769625,32.11,31.66,33.08,29.46,2.811
79,8,2002,2002-08-01,6522.41,1701.2082699999999,2560.12,564.8,91.710055,-1995.3199999999997,2138.4500000000003,206.69293125,216.0630108,35.17,35.33,35.8,31.94,3.015
80,9,2002,2002-09-01,4797.39,3848.423351999999,2271.0,545.98,99.63453,-1725.0199999999995,2138.4500000000003,208.0019864813,228.2119619813,41.28,39.58,40.98,38.18,3.158
81,10,2002,2002-10-01,3298.49,1684.3334909999999,2455.09,956.1899999999998,118.24593,-1498.9000000000005,2138.4500000000003,199.85828499,221.90553099,45.95,44.92,46.68,43.01,3.917
82,11,2002,2002-11-01,1931.46,470.70666099999994,2222.51,855.48,55.30732,-1367.0299999999997,2138.4500000000003,210.459335775,210.459335775,46.71,46.51,47.56,43.35,3.538
83,12,2002,2002-12-01,770.48,558.1170900000001,1830.7,669.7099999999999,74.757704,-1160.98,2138.4500000000003,208.2775770562,208.2775770562,48.67,45.64,48.98,43.13,3.745
84,1,2003,2003-01-01,294.02,245.77388900000003,969.39,492.94,79.442396,-476.46000000000004,5187.5,207.46458486,214.81366686,43.14,41.25,43.28,37.44,3.295
85,2,2003,2003-02-01,1621.1,189.292987,1338.08,2665.15,56.06696,1327.08,7781.25,209.1962123063,213.6056615063,42.65,39.34,43.3,35.27,3.585
86,3,2003,2003-03-01,7832.86,1290.963377,2362.05,8573.81,113.19225999999999,6211.76,12968.75,210.5466061238,208.2959497613,38.56,38.21,39.0,32.9,3.495
87,4,2003,2003-04-01,14349.09,2891.576437,2563.19,9079.43,155.773485,6516.2300000000005,10375.0,220.748050575,217.808417775,36.17,36.05,35.24,31.36,3.204
88,5,2003,2003-05-01,13397.79,3278.170259,2766.8,1815.5099999999998,123.303845,-951.2999999999993,5187.5,230.669311275,225.194245185,36.38,35.9,36.11,32.28,2.87
89,6,2003,2003-06-01,11154.48,2507.2615759999994,2636.04,392.72999999999996,145.38858499999998,-2243.3100000000013,2593.75,231.1286289,232.4606500125,35.96,36.18,35.82,32.12,2.875
90,7,2003,2003-07-01,8447.61,1841.4004229999998,2693.19,-13.670000000000016,168.726045,-2706.869999999999,2593.75,213.30710505,222.60369378,34.78,35.13,34.79,31.3,2.8925
91,8,2003,2003-08-01,5971.61,2475.310027,2780.79,304.78999999999974,107.543117,-2476.000000000001,2593.75,205.4527736625,221.39109525,35.51,35.28,35.15,32.28,2.985
92,9,2003,2003-09-01,4305.8,2178.8027429999993,2549.86,884.05,123.281658,-1665.8099999999995,2593.75,225.9613056188,239.6949026063,38.86,38.19,38.09,34.88,2.9015
93,10,2003,2003-10-01,3030.82,2115.0869140000004,2512.12,1237.1399999999999,83.89728,-1274.98,2593.75,268.443592755,277.519709025,45.14,44.12,44.74,41.38,2.814
94,11,2003,2003-11-01,2185.9,524.312898,2305.06,1460.15,28.72536,-844.9200000000001,2593.75,281.7224652938,287.4180038438,47.76,46.96,47.76,43.97,2.867
95,12,2003,2003-12-01,1429.82,335.508804,1970.55,1214.46,3.8878,-756.0800000000002,2593.75,281.3090794313,281.3090794313,46.3,45.49,47.12,41.72,2.935
96,1,2004,2004-01-01,1124.1,342.79941800000006,1318.23,1012.5199999999999,14.37986,-305.72,5008.5,299.860918305,290.160130065,45.81,45.85,46.1,41.21,2.831
97,2,2004,2004-02-01,2390.08,453.47760900000003,1716.3,2982.37,20.18213,1265.98,7512.75,318.2037676594,290.8743689719,44.48,44.35,45.56,37.79,2.93
98,3,2004,2004-03-01,10062.54,1580.9612000000002,2460.96,10133.42,54.045047,7672.460000000001,12521.25,356.2008181875,317.8477965,50.18,49.76,50.71,43.53,2.9
99,4,2004,2004-04-01,14857.57,2005.5448299999998,2795.55,7590.59,40.007557,4795.029999999999,10017.0,364.18375851,322.47771816,51.0,49.75,52.13,47.75,2.882
100,5,2004,2004-05-01,14038.01,2667.7304349999995,2873.35,2053.7899999999995,37.63121,-819.5599999999995,5008.5,346.4862504188,290.4495001688,45.5,44.32,44.01,43.75,3.0615
101,6,2004,2004-06-01,11712.85,3712.5936169999995,2852.1,526.9500000000003,8.30087,-2325.16,2504.25,320.0065893375,263.9698390875,43.88,43.63,43.13,41.5,3.1465
102,7,2004,2004-07-01,9098.51,2314.0851660000003,2898.71,284.3499999999999,4.0,-2614.34,2504.25,274.848317718,246.554352018,40.1,40.5,39.5,36.06,3.0555
103,8,2004,2004-08-01,6451.69,2002.9737110000003,2714.72,67.89000000000001,11.5,-2646.8200000000006,2504.25,215.9252155125,236.82416745,38.13,38.28,38.51,34.5,3.0305
104,9,2004,2004-09-01,4426.77,2291.4936110000003,2554.82,529.8999999999999,21.65535,-2024.9199999999992,2504.25,210.07350897,232.12075497,37.3,38.75,36.63,32.83,2.902
105,10,2004,2004-10-01,3218.59,920.4814449999998,2345.93,1137.7500000000002,53.04281999999999,-1208.1800000000003,2504.25,192.7067095688,216.5912260688,34.3,35.5,34.6,31.64,2.83
106,11,2004,2004-11-01,2215.39,485.045852,2168.47,1165.27,35.73137,-1003.2000000000003,2504.25,197.5525105125,224.422591575,33.875,33.25,33.125,30.05,2.789
107,12,2004,2004-12-01,1315.95,400.23046199999993,2006.87,1107.4299999999998,47.835840000000005,-899.4399999999998,2504.25,195.66930825,219.094507125,32.5,33.75,32.5,29.925,2.773
108,1,2005,2005-01-01,778.97,351.94541499999997,1525.87,988.8999999999999,30.072180000000003,-536.98,5305.3,194.0616965625,206.2795453875,33.04,33.75,33.25,28.9,2.7105
109,2,2005,2005-02-01,2515.14,413.76279999999997,1962.94,3699.08,26.945145,1736.1699999999998,7957.95,196.7257387875,208.0249523625,28.3,29.25,29.25,24.425,2.603
110,3,2005,2005-03-01,9418.82,1833.2653080000002,2771.01,9674.69,110.03617,6903.68,13263.25,235.923904905,239.047264755,33.425,35.5,34.25,30.125,2.7185
111,4,2005,2005-04-01,15387.76,2698.1285519999997,2981.57,8950.519999999999,59.798939000000004,5968.9400000000005,10610.6,227.63781495,229.72005485,32.35,31.95,32.73,27.88,2.5845
112,5,2005,2005-05-01,15397.5,2297.4221270000003,3016.65,3026.3900000000003,42.98625,9.739999999999782,5305.3,236.3418839438,239.6030390813,30.9,30.45,31.08,26.48,2.456
113,6,2005,2005-06-01,13183.17,2951.573797999999,2804.63,590.2999999999998,44.616200000000006,-2214.33,2652.65,254.71918212,250.82416866,33.025,32.15,31.775,28.25,2.4705
114,7,2005,2005-07-01,10969.93,2690.613994,2689.52,476.2700000000001,17.17525,-2213.24,2652.65,253.8878172188,254.4849301313,32.8,31.15,29.775,27.125,2.3725
115,8,2005,2005-08-01,8711.96,2752.432407,2510.55,252.5900000000001,0.318,-2257.970000000001,2652.65,233.2185240938,245.5282364438,31.42,32.32,30.3,26.76,2.372
116,9,2005,2005-09-01,6615.86,2203.8014289999996,2558.42,462.29999999999995,6.5,-2096.0999999999995,2652.65,215.36484801,238.91865582,29.325,29.275,27.95,25.225,2.308
117,10,2005,2005-10-01,4781.97,1792.146304999999,2492.69,658.8100000000001,6.5,-1833.8899999999994,2652.65,212.3884698,237.099758025,29.6,27.7,27.3,24.9,2.247
118,11,2005,2005-11-01,3062.83,1359.1585779999998,2307.14,588.03,10.0,-1719.1400000000003,2652.65,212.49870603,234.54595203,29.3,26.0,26.7,25.1,2.1593
119,12,2005,2005-12-01,1355.7,952.83715,2238.53,531.4,12.8,-1707.1299999999999,2652.65,215.309729895,226.039389615,28.2,25.5,27.6,24.8,2.2468
120,1,2006,2006-01-01,1219.74,716.1474699999999,1393.98,1258.0099999999998,13.924,-135.96000000000004,5694.200000000001,218.7729847875,229.2454266375,29.0,27.625,27.375,24.95,2.2775
121,2,2006,2006-02-01,2678.86,720.4997300000001,1890.38,3349.2400000000002,12.104,1459.1200000000001,8541.3,218.543325975,236.8700992125,27.5,27.6,26.3,22.1,2.158
122,3,2006,2006-03-01,8902.47,2654.0966319999998,2221.38,8445.0,6.67491,6223.609999999999,14235.5,214.501330875,222.952775175,25.3,24.6,23.5,20.0,2.1433
123,4,2006,2006-04-01,13733.32,2915.020906999999,2614.06,7444.900000000001,,4830.85,11388.400000000001,214.3865014688,225.2263974188,24.8333333333,23.1333333333,23.2333333333,19.2333333333,2.148
124,5,2006,2006-05-01,14178.25,3170.606679000001,2516.41,2961.34,0.108,444.9300000000003,5694.200000000001,219.7375518,230.5162054,26.25,24.45,24.625,20.75,2.1388
125,6,2006,2006-06-01,12381.74,2288.992125,2696.33,899.8100000000002,,-1796.5100000000002,2847.1000000000004,216.559073835,226.296607485,27.6,26.6,25.3,22.78,2.2499
126,7,2006,2006-07-01,10281.71,4376.614143999999,2697.11,597.0799999999999,1.0,-2100.0300000000007,2847.1000000000004,219.645688275,232.200370025,26.8666666667,25.6666666667,25.8333333333,23.5666666667,2.175
127,8,2006,2006-08-01,8975.33,2901.473419,2796.29,1489.9200000000003,0.04616,-1306.3799999999992,2847.1000000000004,205.792668705,228.023641755,26.9,25.9,25.9,23.1,2.1588
128,9,2006,2006-09-01,7303.5,1993.1387829999999,2421.76,749.9400000000002,,-1671.83,2847.1000000000004,199.8500172728,223.8723290603,27.3333333333,25.5,26.1666666667,22.7666666667,2.1535
129,10,2006,2006-10-01,5418.47,1681.6920050000003,2609.22,724.1899999999999,,-1885.0299999999997,2847.1000000000004,218.237114225,239.549452025,29.3333333333,28.0,27.5,25.0,2.158
130,11,2006,2006-11-01,4172.24,998.3229630000001,2393.91,1147.68,6.5,-1246.2300000000005,2847.1000000000004,247.425218235,255.362226795,32.0,31.0,31.1666666667,28.0,2.1455
131,12,2006,2006-12-01,2797.93,471.10719899999987,2081.21,706.9100000000001,8.5,-1374.31,2847.1000000000004,251.4763996875,263.28086265,32.5,31.4333333333,31.5,29.3333333333,2.1345
132,1,2007,2007-01-01,2288.92,528.5069370000001,1818.36,1309.3500000000001,5.0,-509.00999999999976,5872.6,284.7769275,293.77955295,30.8333333333,30.5666666667,30.4333333333,25.3333333333,2.1365
133,2,2007,2007-02-01,5771.05,774.8341580000001,2168.62,5650.68,4.84,3482.13,8808.9,271.824170475,281.010522975,30.85,32.1666666667,31.1666666667,26.9333333333,2.1036
134,3,2007,2007-03-01,13994.26,2054.1875930000006,2692.59,10915.800000000001,13.5,8223.21,14681.5,282.5722029,278.8976619,31.0,32.275,30.475,26.25,2.0925
135,4,2007,2007-04-01,17504.9,3165.2413940000006,2790.57,6301.200000000001,9.522,3510.6400000000012,11745.2,272.522333265,268.039393245,29.8333333333,29.5,28.7666666667,24.6666666667,2.0326
136,5,2007,2007-05-01,16977.05,3152.426425999999,2982.42,2454.5800000000004,,-527.8500000000022,5872.6,285.5118357,276.6929373,29.45,29.2,28.725,25.6,2.0145
137,6,2007,2007-06-01,14811.71,3074.2756439999994,2877.29,711.9500000000003,,-2165.34,2936.3,303.1496325,295.4330964,31.0,30.05,29.3,26.35,1.96
138,7,2007,2007-07-01,12670.54,3093.335404,2994.8,853.61,,-2141.1699999999983,2936.3,314.5407096,302.0472702,27.5,27.775,27.0,25.15,1.903
139,8,2007,2007-08-01,10572.53,2673.9481810000016,2989.1,891.0999999999999,0.05,-2098.01,2936.3,308.7762734062,319.9836234563,33.6666666667,33.1333333333,33.5833333333,31.6666666667,1.9485
140,9,2007,2007-09-01,8635.12,1816.7179650000005,2710.96,773.53,5.0,-1937.4099999999999,2936.3,354.501342975,368.280871725,38.3333333333,38.3333333333,37.1666666667,36.0,1.9605
141,10,2007,2007-10-01,6576.47,2024.834226000001,2662.1,603.4499999999999,8.758,-2058.6500000000005,2936.3,353.398980675,382.33599105,39.8333333333,40.1666666667,38.3333333333,36.5,1.8015
142,11,2007,2007-11-01,4721.6,788.030352,2483.4,628.5400000000002,19.53823,-1854.87,2936.3,391.5912411937,390.4429471313,42.5,42.7,40.24,38.36,1.7455
143,12,2007,2007-12-01,3258.72,519.0849649999999,2314.48,851.6,31.72011,-1462.8800000000006,2936.3,431.8810522,432.2485063,44.0666666667,44.5,42.6666666667,39.6666666667,1.7585
144,1,2008,2008-01-01,2027.06,599.607207,1844.58,612.93,15.05273,-1231.6599999999999,5993.6,459.317625,465.1968906,46.375,45.25,45.375,40.25,1.7475
145,2,2008,2008-02-01,4893.52,425.1321390000001,2017.85,4884.36,4.50015,2866.4600000000005,8990.4,512.5984695,497.9003055,46.75,46.025,48.0,42.125,1.7675
146,3,2008,2008-03-01,12982.54,1403.9446929999995,2629.52,10718.53,21.0,8089.02,14984.0,504.8819334,488.713953,44.625,44.875,45.375,39.75,1.6855
147,4,2008,2008-04-01,18470.32,3346.499944000001,2970.74,8458.53,11.0,5487.779999999999,11987.2,482.0997792,468.1365234,43.625,44.125,45.125,38.45,1.6905
148,5,2008,2008-05-01,18395.59,4442.112247000001,3141.08,3066.34,6.0,-74.72999999999956,5993.6,495.3281268,513.7008318,43.5,43.25,44.0,39.0,1.6845
149,6,2008,2008-06-01,16548.05,3544.4415240000003,3096.18,1248.6399999999999,11.0,-1847.5400000000009,2996.8,543.740204475,543.8779997625,50.25,48.75,51.125,45.625,1.6335
150,7,2008,2008-07-01,13304.13,3981.7815359999995,3253.99,10.080000000000155,4.604,-3243.92,2996.8,556.527607155,552.485612055,50.75,49.75,50.75,46.25,1.6015
151,8,2008,2008-08-01,10747.82,2358.357215,2949.33,393.0299999999998,6.236,-2556.3099999999995,2996.8,471.5125079438,492.6411186938,44.125,44.125,45.125,39.625,1.6075
152,9,2008,2008-09-01,8318.15,1862.0744129999998,2754.11,324.4300000000001,11.0,-2429.67,2996.8,436.8569931375,460.0066014375,45.75,45.375,45.75,40.9,1.7815
153,10,2008,2008-10-01,6261.69,1061.5191499999999,2781.75,725.29,5.66297,-2056.46,2996.8,340.5610530563,371.1516068813,43.5,41.5,44.375,39.375,2.3125
154,11,2008,2008-11-01,4298.48,723.5927449999997,2648.99,685.7699999999999,0.1,-1963.21,2996.8,323.2371233,357.0429005,44.1666666667,41.5,45.0,39.5,2.1475
155,12,2008,2008-12-01,2430.08,750.3853310000001,2237.1,368.70000000000005,0.125,-1868.3999999999996,2996.8,325.8858549375,353.1693218625,44.0,42.8333333333,45.0,39.3333333333,2.3995
156,1,2009,2009-01-01,1991.34,614.533775,1414.36,975.6299999999999,1.66,-438.74,5738.3,360.5949568,387.2966214,48.5,46.1666666667,48.8333333333,42.0,2.2515
157,2,2009,2009-02-01,4826.89,689.462091,2298.75,5134.65,7.50015,2835.55,8607.449999999999,344.36573405,364.57570955,47.5,44.5,50.0,39.8333333333,2.2565
158,3,2009,2009-03-01,11034.16,2642.917362000001,2752.92,8960.199999999999,16.5,6207.2699999999995,14345.75,335.7305627,355.6955688,44.5,42.3333333333,44.6666666667,38.1666666667,2.3755
159,4,2009,2009-04-01,16257.92,4493.192256,3000.02,8223.77,2.0,5223.76,11476.6,378.1791665437,392.7854670187,47.0,45.125,47.625,41.25,2.1705
160,5,2009,2009-05-01,16050.48,4679.252417000001,3277.17,3069.7499999999995,3.0,-207.4400000000005,5738.3,422.75594205,438.92392245,49.8333333333,46.8333333333,50.8333333333,44.3333333333,2.0625
161,6,2009,2009-06-01,13264.13,6174.3794689999995,3199.17,412.8099999999994,,-2786.3500000000004,2869.15,443.8386210375,461.0171002125,49.8333333333,46.1666666667,50.0,44.0,1.9265
162,7,2009,2009-07-01,10618.23,3347.2476939999992,2993.46,347.5600000000001,0.4,-2645.8999999999996,2869.15,391.30187109,404.53021869,47.75,44.375,47.3,42.25,1.9955
163,8,2009,2009-08-01,7805.54,2979.6207760000007,2896.17,83.47000000000008,0.91355,-2812.6899999999996,2869.15,382.9560698438,461.4993837188,47.5,44.8333333333,47.0,43.1666666667,1.8205
164,9,2009,2009-09-01,5846.8,1830.4299680000001,2369.15,410.4100000000001,5.78,-1958.7399999999998,2869.15,365.7132862013,445.6345529513,46.25,44.625,45.375,42.075,1.8315
165,10,2009,2009-10-01,3892.7,722.6952490000001,2370.28,416.17,10.343,-1954.1000000000004,2869.15,350.8727337375,426.2008242375,45.1666666667,44.1666666667,44.3333333333,40.0,1.7415
166,11,2009,2009-11-01,2300.33,185.80840200000003,2145.68,553.31,14.866719999999999,-1592.37,2869.15,356.3730622969,435.8350114219,45.6666666667,44.6666666667,44.8333333333,40.6666666667,1.7185
167,12,2009,2009-12-01,1057.35,203.14489,1709.14,466.16,36.44824,-1242.98,2869.15,379.50659448,452.99741448,43.6666666667,44.0,43.3333333333,39.1666666667,1.7595
168,1,2010,2010-01-01,1769.25,93.03982499999998,1767.26,2479.1600000000003,26.01955,711.9000000000001,6891.900000000001,375.72181725,411.273001425,32.4,39.53,39.3533333333,32.39,1.7265
169,2,2010,2010-02-01,7472.72,663.770956,2456.16,8159.879999999999,25.56252,5703.47,10337.85,345.406854,360.105018,33.875,34.8,38.375,29.8,1.8595
170,3,2010,2010-03-01,13944.23,3086.118916999999,3276.34,9747.84,51.688315,6471.509999999999,17229.75,347.9560668188,355.5807393938,32.775,33.2,35.125,28.875,1.7625
171,4,2010,2010-04-01,15611.59,4913.089458000001,3422.77,5090.14,5.95861,1667.3600000000006,13783.800000000001,359.83555166,368.65445006,33.92,32.98,34.54,29.36,1.7655
172,5,2010,2010-05-01,13838.46,5696.1876200000015,3532.63,1759.4999999999995,1.8817599999999999,-1773.130000000001,6891.900000000001,353.0009054,363.2896202,34.9333333333,33.5,36.9,30.0,1.8375
173,6,2010,2010-06-01,12510.29,4039.6799610000003,3374.34,2046.1699999999996,0.2,-1328.1699999999983,3445.9500000000003,348.548586555,358.396356435,34.175,32.625,36.675,30.4,1.8095
174,7,2010,2010-07-01,10747.7,3999.165158,3480.15,1717.5600000000002,,-1762.5900000000001,3445.9500000000003,366.7191918,404.5669641,36.875,35.75,38.25,33.95,1.7575
175,8,2010,2010-08-01,8341.58,2966.4148600000003,3256.22,850.0900000000003,0.075,-2406.120000000001,3445.9500000000003,374.803182,419.6325822,40.3333333333,39.5,40.9333333333,38.6,1.7585
176,9,2010,2010-09-01,6338.26,2008.563076999999,2909.7,906.3899999999999,1.056,-2003.3199999999997,3445.9500000000003,384.3569886,442.0472823,40.175,41.375,42.5,40.275,1.7215
177,10,2010,2010-10-01,4867.57,1013.2668269999999,3021.95,1551.2600000000002,0.54825,-1470.6900000000005,3445.9500000000003,417.7953117,458.9501709,42.3,42.375,43.3,42.25,1.6845
178,11,2010,2010-11-01,3485.15,301.253588,2949.24,1566.82,3.15,-1382.4199999999996,3445.9500000000003,460.7874414,492.0210399,46.25,44.5,45.95,46.5,1.7185
179,12,2010,2010-12-01,2255.48,292.60581599999995,2059.34,829.6700000000001,1.7,-1229.67,3445.9500000000003,482.8346874,517.7428269,47.3333333333,45.8333333333,47.5,46.3666666667,1.7065
180,1,2011,2011-01-01,1297.88,208.09594899999993,1962.16,1004.56,2.0,-957.5999999999999,7524.8,514.8031941,539.0551647,47.9,47.6,49.6,44.5,1.6835
181,2,2011,2011-02-01,5491.04,224.881082,2510.47,6703.499999999999,1.0,4193.16,11287.199999999999,512.9659236,528.0315417,46.875,47.25,48.5,42.625,1.6665
182,3,2011,2011-03-01,14582.89,2733.616485,3186.09,12277.95,8.0,9091.849999999999,18812.0,492.7559481,501.5748465,45.425,45.9,46.625,42.1,1.6655
183,4,2011,2011-04-01,17946.56,5089.786242999999,3535.52,6899.179999999999,4.0,3363.670000000002,15049.6,498.81894075,501.2073924,43.225,42.675,44.7,39.9,1.5685
184,5,2011,2011-05-01,16618.15,5305.717232000001,3652.89,2324.4900000000002,0.46812,-1328.4099999999999,7524.8,499.7605418813,504.9048992813,42.3,41.5,44.125,39.825,1.6155
185,6,2011,2011-06-01,14518.1,4553.5051459999995,3547.71,1447.6700000000005,0.376,-2100.050000000001,3762.4,500.4724842,512.5984695,42.8,42.525,44.4,40.825,1.5965
186,7,2011,2011-07-01,12208.7,3738.040523999999,3451.17,1141.7700000000002,1.027,-2309.3999999999996,3762.4,500.748074775,530.78744745,42.925,43.225,44.775,40.4,1.5645
187,8,2011,2011-08-01,10495.45,3681.7587810000005,3072.87,1359.61,6.1717770000000005,-1713.25,3762.4,496.4304891,526.1942712,44.425,43.125,46.1,41.525,1.6105
188,9,2011,2011-09-01,8941.37,2798.3461450000004,3381.21,1827.1300000000003,8.156279999999999,-1554.08,3762.4,491.2861317,507.086658,47.125,45.75,48.675,44.95,1.6725
189,10,2011,2011-10-01,7134.0,1413.1860579999998,3384.69,1577.3199999999997,3.75364,-1807.3700000000008,3762.4,442.7821905,467.0341611,45.95,44.45,46.925,43.775,1.7715
190,11,2011,2011-11-01,5006.84,1758.8472380000014,2896.03,768.8700000000001,4.027,-2127.16,3762.4,433.3891450687,449.0978078437,43.375,43.25,45.425,42.075,1.7425
191,12,2011,2011-12-01,3034.34,1469.779422,2689.36,716.8499999999999,2.0012,-1972.5,3762.4,428.3825829562,443.0807469562,43.6666666667,42.3333333333,44.4333333333,40.8666666667,1.8054
192,1,2012,2012-01-01,2705.56,1011.7079810000001,1955.99,1627.2200000000003,1.5,-328.7800000000002,6792.0,443.70082575,463.17589305,45.2,42.3,46.38,41.04,1.849
193,2,2012,2012-02-01,8025.52,1568.3310879999997,3021.38,8340.900000000001,0.95679,5319.960000000001,10188.0,457.4803545,485.498729625,45.925,42.7,47.15,40.325,1.7265
194,3,2012,2012-03-01,15195.27,4236.918758000002,3535.53,10705.279999999999,5.25,7169.75,16980.0,495.971171475,521.141777325,50.825,50.25,53.25,46.575,1.7825
195,4,2012,2012-04-01,18839.2,4430.830149,3653.46,7297.38,5.25,3643.9300000000003,13584.0,527.0669746875,553.7073969375,54.95,53.775,57.125,52.0,1.821
196,5,2012,2012-05-01,18026.19,7275.064364000003,3799.12,2986.1000000000004,4.32408,-813.010000000002,6792.0,523.5991266188,549.9639582938,58.2,55.5,60.2,57.125,1.9662
197,6,2012,2012-06-01,16235.39,4841.213911999998,3535.58,1744.7799999999997,0.5600830000000001,-1790.7999999999993,3396.0,526.8602817563,565.5348257813,61.06,57.4,62.3,60.14,2.0202
198,7,2012,2012-07-01,13195.72,4129.619684000001,3269.68,230.0099999999998,14.528317000000001,-3039.67,3396.0,595.1608125937,664.0584563438,71.875,65.875,72.125,72.125,2.0277
199,8,2012,2012-08-01,10418.22,2430.6157790000007,3285.28,507.77000000000004,28.40525,-2777.5,3396.0,610.5709189125,705.3740767125,77.6,74.6,75.7,75.88,2.016
200,9,2012,2012-09-01,7694.29,1681.215994,3056.62,332.68999999999994,57.44653400000001,-2723.9299999999994,3396.0,618.7697385188,731.3944201688,82.75,78.925,80.775,77.125,2.0286
201,10,2012,2012-10-01,5570.73,906.8840609999995,2677.76,554.2,73.556017,-2123.5600000000004,3396.0,563.7205211625,677.4475651125,75.4,73.05,74.675,70.575,2.0416
202,11,2012,2012-11-01,3451.57,258.967125,2461.93,342.77,43.20589,-2119.1599999999994,3396.0,537.51185748,651.147037905,70.62,71.76,71.7,68.34,2.046
203,12,2012,2012-12-01,1586.23,135.027957,2181.58,316.74,32.980549,-1865.3400000000001,3396.0,532.2342979688,543.1660574438,70.27,69.33,72.17,67.33,2.0752
204,1,2013,2013-01-01,1893.0,0.284016,1751.0,2058.0,31.643611,306.77,8159.3,523.95,537.4,64.38,65.3,67.28,61.18,2.0328
205,2,2013,2013-02-01,8049.86,959.6334120000001,2386.51,8543.38,21.834850999999997,6156.86,12238.949999999999,537.58,546.83,58.0,60.63,60.9,50.65,1.977
206,3,2013,2013-03-01,14409.32,3536.3075490000006,3260.79,9620.239999999998,12.048496,6359.46,20398.25,531.5624,528.1635,56.51,54.125,48.685,59.2,1.9475
207,4,2013,2013-04-01,16216.92,7154.619293999999,3603.97,5411.570000000001,6.0,1807.6000000000004,16318.6,514.3611,502.6011,54.7181818182,51.2272727273,47.7045454545,56.5909090909,1.966
208,5,2013,2013-05-01,14808.52,7951.538971,3795.87,2387.46,,-1408.3999999999996,8159.3,527.0813035,517.6745835,64.25,56.0,67.75,60.25,2.0135
209,6,2013,2013-06-01,12381.95,6497.603130000005,3463.79,1037.2199999999998,26.224,-2426.5699999999997,4079.65,563.0987525,546.3797775,64.88,62.13,69.88,60.38,2.1368
210,7,2013,2013-07-01,9519.52,5658.283460000004,3356.13,493.69999999999993,65.882355,-2862.4300000000003,4079.65,525.424104,523.8991865,64.69,63.38,69.25,60.13,2.269
211,8,2013,2013-08-01,7402.0,5375.8001840000015,3306.57,1189.0500000000002,70.633645,-2117.5200000000004,4079.65,468.866,512.244,66.35,63.9,71.36,61.56,2.2682
212,9,2013,2013-09-01,6121.46,3469.0392420000017,2987.28,1706.7399999999998,10.975685999999998,-1280.54,4079.65,494.215656875,552.548344375,71.8,69.8,74.0,66.5,2.2978
213,10,2013,2013-10-01,4631.11,1503.687439000001,3033.12,1542.7700000000002,12.40955,-1490.3500000000004,4079.65,472.90815,587.55255,72.83,70.5,74.65,66.73,2.1785
214,11,2013,2013-11-01,3074.25,647.8627779999999,2847.65,1290.79,12.499919,-1556.8599999999997,4079.65,475.411403125,590.239528125,73.4,70.8,74.7,67.4,2.3152
215,12,2013,2013-12-01,1478.1,41.444365999999995,2444.77,848.6300000000001,12.66045,-1596.15,4079.65,483.173784375,487.307596875,71.215,70.9725,70.7775,65.0625,2.3306
216,1,2014,2014-01-01,2004.12,30.606314999999995,1943.9,2469.9199999999996,17.588,526.02,8639.7,470.7659165,472.3826965,66.05,66.6,67.8,59.2,2.3677
217,2,2014,2014-02-01,8464.14,2789.6495169999994,2437.27,8897.28,65.32845,6460.0199999999995,12959.55,496.1126175,498.960355,67.625,65.0,70.875,60.225,2.3795
218,3,2014,2014-03-01,13221.0,6229.304627000003,3353.36,8110.2300000000005,81.439,4756.860000000001,21599.25,521.664171875,511.651159375,67.9375,66.625,70.0,60.4875,2.3452
219,4,2014,2014-04-01,14897.47,8250.900628000003,3531.89,5208.35,70.792,1676.4699999999993,17279.4,550.21963,530.52431,66.75,65.3333333333,68.5833333333,60.25,2.2165
220,5,2014,2014-05-01,14011.98,7609.782500000006,3774.63,2889.1400000000003,86.792,-885.4899999999998,8639.7,545.2958,535.7421,67.9,64.7,69.06,62.65,2.2128
221,6,2014,2014-06-01,11444.74,6893.161834000001,3578.31,1011.0799999999999,81.852,-2567.24,4319.85,528.461996875,529.013171875,67.25,65.5,67.625,61.875,2.247
222,7,2014,2014-07-01,8615.63,6043.522617999998,3432.91,603.8000000000003,98.38713899999999,-2829.1100000000006,4319.85,453.28632,511.26993,62.25,61.8333333333,62.9166666667,59.5,2.2207
223,8,2014,2014-08-01,6837.78,4119.263326999999,3402.43,1624.58,52.965866,-1777.8499999999995,4319.85,402.49554375,505.19781875,63.5,63.4,64.25,61.0,2.2819
224,9,2014,2014-09-01,5421.47,2669.8325509999977,3081.22,1664.9200000000003,11.991478,-1416.3099999999995,4319.85,361.1114875,467.212675,59.0625,59.5,58.75,57.75,2.3345
225,10,2014,2014-10-01,4590.77,740.838518,2958.52,2127.8199999999997,8.62645,-830.6999999999998,4319.85,353.4317825,440.1499825,60.65,60.15,61.05,58.3,2.43
226,11,2014,2014-11-01,3040.79,176.55646300000004,3163.44,1613.4499999999998,1.35335,-1549.9800000000005,4319.85,378.4735,459.3125,65.4375,65.0,66.375,61.25,2.564
227,12,2014,2014-12-01,1484.58,138.58062999999999,2964.03,1407.81,1.6,-1556.21,4319.85,377.5732475,399.3262875,64.0625,65.25,68.125,61.375,2.6555
228,1,2015,2015-01-01,2077.74,85.335618,2518.2,3111.3700000000003,18.0882,593.1599999999999,9699.4,369.218353125,390.530453125,59.45,60.3,63.26,54.66,2.6303
229,2,2015,2015-02-01,6403.38,868.6588910000003,2893.98,7219.610000000001,119.20824,4325.64,14549.1,362.787978125,381.711653125,60.8125,60.25,63.25,55.8125,2.783
230,3,2015,2015-03-01,14139.22,5592.087418999999,3566.91,11302.750000000002,76.4886,7735.839999999999,24248.5,361.1114875,375.9932125,65.3125,64.75,67.2375,61.1375,3.0625
231,4,2015,2015-04-01,17229.98,6550.976888000002,3760.63,6851.399999999999,19.532,3090.76,19398.8,359.005999,377.966419,62.6875,63.125,64.625,60.125,3.0765
232,5,2015,2015-05-01,16138.19,9341.009332000001,3986.91,2895.12,5.5,-1091.789999999999,9699.4,351.442959375,374.592309375,62.0,62.375,64.5,58.5625,2.9765
233,6,2015,2015-06-01,13994.83,9810.092291999998,3753.17,1609.8100000000002,4.374216,-2143.3600000000006,4849.7,350.5473,370.573325,63.5625,63.25,66.125,58.25,3.1105
234,7,2015,2015-07-01,11551.98,8440.388068999997,3809.69,1366.8399999999997,10.5,-2442.8500000000004,4849.7,372.3187125,394.9536325,68.875,67.375,72.375,62.25,3.1579
235,8,2015,2015-08-01,9149.57,5161.857082000002,3580.91,1178.5000000000002,15.480296000000001,-2402.41,4849.7,336.42803375,374.45910875,72.875,71.25,75.875,66.4625,3.5064
236,9,2015,2015-09-01,7415.71,3705.39078,3477.89,1744.0400000000002,24.536924,-1733.8599999999997,4849.7,322.5659825,371.2163625,78.1875,79.375,79.875,72.125,3.881
237,10,2015,2015-10-01,5927.02,2594.0614769999984,3398.01,1909.3200000000002,9.26,-1488.6899999999996,4849.7,330.33755,372.22685,79.6,75.75,83.2,75.5,3.766
238,11,2015,2015-11-01,3968.76,1442.9404260000001,3087.43,1129.1599999999999,2.982907,-1958.2600000000002,4849.7,319.474809375,353.647659375,78.875,77.0,80.75,70.8125,3.779
239,12,2015,2015-12-01,1530.96,731.4399030000002,2722.73,284.93999999999994,18.100351,-2437.8,4849.7,322.6027275,333.2587775,78.5833333333,76.5,81.75,71.0,3.879
240,1,2016,2016-01-01,1946.17,394.43159699999995,2300.25,2715.46,23.240399999999998,415.21000000000004,9619.9,321.679509375,333.529771875,77.8333333333,74.1666666667,83.1666666667,72.6666666667,4.046
241,2,2016,2016-02-01,9536.57,2036.818373,3293.38,10883.77,69.718052,7590.4,14429.85,320.5082625,331.8992125,73.25,73.875,78.25,70.125,4.0015
242,3,2016,2016-03-01,15912.35,8374.549241999997,3844.21,10219.99,57.48684,6375.780000000001,24049.75,327.4530675,340.9017375,68.875,68.875,72.125,64.25,3.584
243,4,2016,2016-04-01,16346.4,10085.881032000007,4094.18,4528.23,45.14,434.0499999999993,19239.8,357.57478125,378.79501875,73.6,70.16,74.45,67.55,3.5907
244,5,2016,2016-05-01,15106.23,9915.098847999996,3965.85,2725.6799999999994,43.54,-1240.17,9619.9,392.183978125,418.548515625,84.125,79.375,82.125,81.875,3.4989
245,6,2016,2016-06-01,12946.79,7761.036426999997,3646.01,1486.5500000000002,90.34944,-2159.4399999999987,4809.95,420.032095,468.388515,93.75,91.0,90.625,89.875,3.4178
246,7,2016,2016-07-01,9746.14,5787.202701000001,3502.95,302.2999999999999,39.321756,-3200.6500000000015,4809.95,391.495009375,450.011421875,84.0,82.1,82.35,81.7,3.2949
247,8,2016,2016-08-01,7608.69,3816.0705709999993,3016.15,878.7099999999999,7.886487999999999,-2137.45,4809.95,367.3581375,424.6803375,78.6666666667,75.8333333333,76.9166666667,76.1666666667,3.177
248,9,2016,2016-09-01,6190.72,1443.401661,2876.53,1458.55,3.0026100000000002,-1417.9699999999993,4809.95,352.545309375,412.255934375,77.15,78.4,77.25,77.36,3.273
249,10,2016,2016-10-01,4931.37,998.1915350000002,3096.11,1836.76,0.9711,-1259.3500000000004,4809.95,358.447475,402.0821625,74.9375,78.0,75.0,77.375,3.2235
250,11,2016,2016-11-01,4006.74,316.094305,2982.24,2057.6,,-924.6300000000001,4809.95,370.132385,393.502205,76.5,76.7,77.75,71.5,3.391
251,12,2016,2016-12-01,2207.91,653.098393,2912.72,1113.89,1.46525,-1798.83,4809.95,374.1865833333,391.33425,74.6,75.5,77.35,69.0,3.3773
252,1,2017,2017-01-01,3796.51,911.8269489999998,2737.01,4325.61,3.08836,1588.6000000000004,11380.400000000001,381.64275625,397.99428125,72.4375,73.625,74.125,66.625,3.2242
253,2,2017,2017-02-01,12217.96,3509.4472720000003,3058.22,11479.669999999998,58.275155999999996,8421.449999999999,17070.6,383.93931875,403.32230625,69.0,67.5,71.0,64.75,3.1071
254,3,2017,2017-03-01,18521.82,8979.127441999999,3779.73,10083.59,50.0,6303.860000000001,28451.0,369.14945625,382.83696875,65.5,61.15,65.75,60.9,3.138
255,4,2017,2017-04-01,18183.02,10432.129072,3803.13,3464.329999999999,19.0,-338.7999999999993,22760.800000000003,347.97515,359.917275,62.0,58.4375,61.6125,58.0,3.1462
256,5,2017,2017-05-01,16176.27,10959.858431000004,3811.93,1805.1799999999994,25.984,-2006.75,11380.400000000001,351.686395,373.880375,64.625,61.375,65.8,60.125,3.1227
257,6,2017,2017-06-01,13390.94,9197.02080000001,3590.92,805.5799999999998,57.392,-2785.33,5690.200000000001,339.454903125,360.583278125,64.6,61.85,65.85,60.4,3.2959
258,7,2017,2017-07-01,10889.41,6954.980436999996,3862.73,1361.1999999999998,20.998437,-2501.5300000000007,5690.200000000001,366.6232375,390.6912125,67.4375,65.25,68.875,62.45,3.2803
259,8,2017,2017-08-01,8202.25,5952.411305999996,3450.19,763.02,6.422076,-2687.16,5690.200000000001,346.615585,379.465615,64.4375,63.0,66.75,60.125,3.1937
260,9,2017,2017-09-01,7373.38,4272.462928000002,3326.39,2497.53,8.534956000000001,-828.8699999999999,5690.200000000001,355.2322875,385.3631875,65.8,64.85,67.15,62.0,3.0875
261,10,2017,2017-10-01,6058.42,2486.938126,3641.03,2326.0599999999995,0.623773,-1314.96,5690.200000000001,356.725053125,378.680190625,67.5,66.375,68.25,63.75,3.1558
262,11,2017,2017-11-01,5086.98,2142.7293779999995,3434.5,2463.07,2.400006,-971.4400000000005,5690.200000000001,363.885735,388.357905,70.0,68.5,70.075,65.125,3.2775
263,12,2017,2017-12-01,3093.27,2355.6365709999995,3341.67,1347.96,1.0,-1993.7099999999996,5690.200000000001,361.685628125,381.895378125,70.8,68.45,70.65,65.3,3.2918
264,1,2018,2018-01-01,4115.35,1563.5890359999999,3061.05,4083.1299999999997,16.052,1022.0800000000004,12308.1,358.667945,380.714945,68.125,66.625,68.75,63.625,3.2062
265,2,2018,2018-02-01,10982.58,2864.2527229999996,3214.01,10081.240000000002,12.234031,6867.23,18462.149999999998,374.75306875,398.45359375,69.75,69.375,70.5,65.125,3.294
266,3,2018,2018-03-01,20658.43,8813.759773,4051.04,13726.88,69.75024,9675.85,30770.25,380.793028125,412.301865625,74.45,73.95,75.75,69.3,3.2548
267,4,2018,2018-04-01,22627.51,10258.699614000003,4106.61,6075.699999999999,33.76747,1969.079999999998,24616.2,379.598815625,427.367315625,81.3125,79.75,81.3375,74.625,3.3703
268,5,2018,2018-05-01,19555.67,12353.479438,3629.05,557.2099999999995,12.52332,-3071.84,12308.1,376.3239175,406.8222675,81.0,79.625,82.25,76.875,3.598
269,6,2018,2018-06-01,16715.41,10420.130276000004,4001.24,1160.97,9.5,-2840.2599999999984,6154.05,338.720003125,385.386153125,79.05,75.05,79.55,70.9,3.7069
270,7,2018,2018-07-01,14452.2,10198.035957000004,4127.78,1864.5700000000008,10.100807999999999,-2263.209999999999,6154.05,312.952571875,393.699709375,83.0,77.25,81.8333333333,77.0,3.8619
271,8,2018,2018-08-01,12335.17,8118.328742000003,3945.32,1828.2899999999997,5.500096,-2117.0300000000007,6154.05,318.027975,393.355225,85.2,81.35,84.8,78.0,3.8586
272,9,2018,2018-09-01,10878.21,4560.701117,3651.51,2194.55,1.605366,-1456.960000000001,6154.05,308.474275,394.3657125,90.4375,90.0,89.75,82.125,4.0594
273,10,2018,2018-10-01,9263.01,5218.429181000001,3483.12,1867.9199999999996,4.924760000000001,-1615.199999999999,6154.05,315.6211775,402.8538075,85.875,84.125,87.0,77.75,3.7825
274,11,2018,2018-11-01,6299.56,4817.422851000002,3297.19,333.7499999999999,6.610756,-2963.45,6154.05,324.87173125,368.96573125,79.45,78.7,82.5,73.0,3.7334
275,12,2018,2018-12-01,2544.27,4070.9479439999996,2988.43,-766.8599999999999,4.40307,-3755.2900000000004,6154.05,335.734471875,351.442959375,75.9375,77.125,80.25,71.0,3.9072
276,1,2019,2019-01-01,6969.23,2034.1040879999996,2893.99,7318.960000000001,19.256,4424.959999999999,12075.1,334.3978725,348.8019125,72.8125,70.75,77.875,68.375,3.7108
277,2,2019,2019-02-01,17185.99,5267.1779890000025,3275.53,13492.289999999999,26.225227,10216.760000000002,18112.649999999998,334.769915625,354.061040625,73.5625,71.25,76.375,68.25,3.729
278,3,2019,2019-03-01,23272.0,8458.687005000002,3904.65,9990.66,9.355906000000001,6086.009999999998,30187.75,329.28113125,342.78491875,74.35,71.5,75.05,70.4,3.8666
279,4,2019,2019-04-01,23356.88,9403.698000000004,4033.06,4117.94,13.300008,84.88000000000102,24150.2,324.113865625,334.769915625,72.6875,70.125,73.75,68.875,3.8812
280,5,2019,2019-05-01,20889.44,10011.988761999994,3910.51,1443.08,13.46242,-2467.4400000000023,12075.1,308.033335,335.077655,74.3,71.4,75.85,69.3,3.9566
281,6,2019,2019-06-01,17909.4,8552.659616000003,3912.16,932.1100000000002,10.014262,-2980.0399999999972,6037.55,325.675528125,362.420528125,77.4375,74.625,80.0,71.3125,3.8771
282,7,2019,2019-07-01,15238.03,7443.4406579999995,3902.71,1231.3299999999997,12.749601,-2671.370000000001,6037.55,324.5134675,353.5420175,74.0625,72.375,77.8125,69.75,3.7381
283,8,2019,2019-08-01,13306.37,5004.319703999999,3446.11,1514.46,12.923062999999999,-1931.6599999999999,6037.55,314.4453375,361.2952125,80.75,77.9,81.75,76.45,3.9432
284,9,2019,2019-09-01,11300.11,4603.7202689999995,3479.99,1473.72,6.545282,-2006.2600000000002,6037.55,321.01350625,359.41203125,81.3125,81.25,82.625,78.875,4.0615
285,10,2019,2019-10-01,8905.43,5076.260085,3804.2,1409.5299999999997,1.3800039999999998,-2394.6800000000003,6037.55,339.4319375,369.3423675,84.0625,82.25,85.125,80.75,4.1092
286,11,2019,2019-11-01,6165.0,4947.3595339999965,3473.34,732.9100000000001,6.000145,-2740.4300000000003,6037.55,,,,,,,4.1631
287,11,2019,2019-11-02,,,,,,,6037.55,331.11838125,364.46446875,86.1875,84.25,86.5,84.375,
288,12,2019,2019-12-01,3267.98,3269.636946000002,3418.18,521.1600000000002,13.030081,-2897.02,6037.55,,,,,,,4.1409
289,12,2019,2019-12-02,,,,,,,6037.55,330.705,368.0624166667,85.375,86.25,85.75,83.75,
290,1,2020,2020-01-01,5645.88,1397.0484510000001,2934.47,5312.36,19.690030000000004,2377.9,12798.876,339.5238,357.2532625,83.5,81.2,84.4,79.95,4.0925
291,2,2020,2020-02-01,17807.93,4833.982094999999,3407.74,15569.789999999999,58.738809,12162.05,19198.314,325.4688375,345.954175,83.125,79.625,85.375,79.25,4.3201
292,3,2020,2020-03-01,27729.88,10853.230037,4237.59,14159.539999999999,27.555842,9921.95,31997.19,320.255640625,342.578228125,89.5,84.875,92.625,84.75,4.6267
293,4,2020,2020-04-01,28767.29,14854.934103999994,4299.03,5336.450000000001,33.5,1037.4099999999999,25597.752,309.944075,331.256175,96.1875,93.25,98.375,92.75,5.1061
294,5,2020,2020-05-01,26072.66,14108.152630999992,4443.5,1748.8699999999997,43.02843,-2694.630000000001,12798.876,309.324003125,341.384015625,105.25,98.9,107.6,100.35,5.7319
295,6,2020,2020-06-01,22219.82,12741.608347000007,4284.5,431.659999999999,89.762,-3852.84,6399.438,318.096871875,364.946746875,106.3125,103.625,109.5,101.625,5.0511
296,7,2020,2020-07-01,18251.9,9955.019150000007,4351.98,384.07000000000016,126.182518,-3967.9199999999983,6399.438,327.83889,376.04833,112.1,112.7,117.6,112.7,5.3177
297,8,2020,2020-08-01,15111.79,5836.621582999998,4105.66,965.5400000000002,78.913549,-3140.1100000000006,6399.438,329.671546875,394.434609375,128.125,127.25,132.5,127.75,5.4384
298,9,2020,2020-09-01,11408.99,4260.922211999998,3981.92,279.13,50.83617,-3702.800000000001,6399.438,366.707751,430.644051,140.75,137.75,145.25,144.0,5.3194
299,10,2020,2020-10-01,7595.27,2422.1607790000003,4123.38,309.6600000000001,97.31063999999999,-3813.7199999999993,6399.438,390.714178125,480.280115625,167.0,165.0,166.1,169.7,5.5316
300,11,2020,2020-11-01,4967.78,1435.66176,3311.92,684.4299999999998,122.46232000000002,-2627.4900000000007,6399.438,422.42970625,510.61770625,171.5,176.75,166.875,179.5,5.3646
301,12,2020,2020-12-01,2349.76,274.08259,3363.77,745.74,74.011894,-2618.0199999999995,6399.438,445.1840475,467.8189675,143.25,154.75,146.0,152.75,5.0655
302,1,2021,2021-01-01,1805.52,49.4989,2561.64,2017.3999999999999,82.14536700000001,-544.2400000000002,13885.616000000002,508.573765625,525.384603125,164.8,162.0,164.6,157.2,5.4184
303,2,2021,2021-02-01,11440.36,2645.992006,3097.46,12732.300000000001,50.51852,9634.84,20828.424,507.95369375,513.46544375,163.625,164.375,167.5,159.0,5.3698
304,3,2021,2021-03-01,26252.81,12693.892075000007,4316.99,19129.429999999997,79.182703,14812.45,34714.04,522.2383125,519.9601225,161.4165,167.16775,170.5,165.29225,5.5514
305,4,2021,2021-04-01,27805.14,16114.936471999996,4476.66,6029.000000000002,40.206649999999996,1552.329999999998,27771.232000000004,537.234865625,539.439565625,173.2,172.6,174.0,170.6,5.6834
306,5,2021,2021-05-01,23730.02,14966.21256400001,4576.95,501.8300000000002,117.51531399999999,-4075.119999999999,13885.616000000002,579.1012,572.7320666667,173.0,173.125,161.5,171.125,5.2368
307,6,2021,2021-06-01,19707.21,11066.523308000002,4435.82,413.0099999999999,151.29960699999998,-4022.8100000000013,6942.808000000001,544.450665,549.227515,159.75,156.75,158.0,156.0,5.1165
308,7,2021,2021-07-01,14715.96,8669.658340999993,4479.1,-512.1599999999994,108.996606,-4991.25,6942.808000000001,522.7894875,551.4505875,165.0,164.1,164.1,164.0,5.2584
309,8,2021,2021-08-01,12045.73,6484.176180000002,4017.91,1347.6699999999998,42.056191000000005,-2670.2299999999996,6942.808000000001,494.518803125,551.932865625,170.25,167.75,170.0,175.0,5.2306
310,9,2021,2021-09-01,9658.79,4827.184527999999,3913.52,1526.59,49.00384999999999,-2386.9399999999987,6942.808000000001,471.034155,549.007045,171.75,170.625,172.625,172.5,5.2455
311,10,2021,2021-10-01,7732.23,3292.942271000001,4101.0,2174.4399999999996,57.125856,-1926.5600000000013,6942.808000000001,452.147225,521.3196875,170.1,170.0,172.0,166.0,5.5082
312,11,2021,2021-11-01,5989.5,2587.1393850000004,3830.19,2087.46,72.83069,-1742.7299999999996,6942.808000000001,457.33745625,505.74899375,163.875,162.75,166.75,157.0,5.4588
313,12,2021,2021-12-01,3314.6,2711.6403339999997,3974.15,1299.2499999999998,12.82212,-2674.9,6942.808000000001,473.05513,502.81858,170.7,169.9,175.3,160.3,5.6097
314,1,2022,2022-01-01,5004.11,2452.064476000001,3119.26,4809.29,9.082281,1689.5099999999998,12994.400000000001,515.784971875,535.259821875,180.125,178.75,187.875,171.125,5.6348
315,2,2022,2022-02-01,14881.37,6271.312694000001,3705.17,13582.439999999999,43.65567,9877.260000000002,19491.6,588.14965625,629.48778125,194.375,194.5,207.25,183.375,5.2527
316,3,2022,2022-03-01,25059.37,12190.88539499999,4644.73,14822.73,100.04708599999998,10177.999999999998,32486.0,617.02204,672.94793,199.5,199.75,209.75,188.625,5.0745
317,4,2022,2022-04-01,24415.17,11472.577117999997,4603.53,3959.3300000000004,85.29250700000001,-644.2000000000007,25988.800000000003,621.794296875,667.633684375,184.7,185.5,192.0,174.4,4.697
318,5,2022,2022-05-01,22420.39,10640.470601000005,4786.43,2791.6500000000005,81.920249,-1994.7799999999988,12994.400000000001,615.43281875,640.23569375,190.75,192.375,196.75,180.25,5.0785
319,6,2022,2022-06-01,18736.01,9989.845624000001,4530.72,846.3399999999995,49.851303,-3684.380000000001,6497.200000000001,623.452415,642.927265,193.375,193.375,196.0,179.25,4.9888
320,7,2022,2022-07-01,15044.64,7506.214375999999,4780.59,1089.2200000000003,7.51238,-3691.369999999999,6497.200000000001,569.203015625,606.545121875,188.9,189.5,191.4,174.2,5.2552
321,8,2022,2022-08-01,12020.39,5945.237933999997,4619.49,1595.2400000000002,9.405322,-3024.25,6497.200000000001,572.450355,640.208135,186.125,186.25,187.25,174.75,5.0719
322,9,2022,2022-09-01,9564.25,4002.4115139999994,4071.74,1615.6000000000001,9.081,-2456.1399999999994,6497.200000000001,538.658734375,614.904609375,184.7,184.7,184.1,172.9,5.147
323,10,2022,2022-10-01,6995.82,3798.2324219999996,4105.84,1537.3999999999999,13.568218,-2568.4300000000003,6497.200000000001,505.266715625,595.291965625,184.125,183.25,183.25,170.75,5.1996
324,11,2022,2022-11-01,5192.66,2524.9117879999994,4020.48,2217.3300000000004,4.732,-1803.1599999999999,6497.200000000001,531.3510725,608.9565125,186.0,185.625,185.0,172.25,5.325
325,12,2022,2022-12-01,3223.36,1935.9600910000001,3943.82,1974.52,5.024,-1969.2999999999997,6497.200000000001,545.824009375,604.156696875,180.9,181.8,184.3,169.1,5.239
326,1,2023,2023-01-01,5328.57,839.588743,3411.06,5516.27,6.35501,2105.2099999999996,16030.0,553.035215625,575.082215625,175.0,175.75,181.25,164.25,5.2252
327,2,2023,2023-02-01,16785.46,5016.935589000004,3703.97,15160.869999999999,57.385432,11456.89,24045.0,560.843528125,565.252928125,171.5,171.875,173.75,159.5,5.2151
328,3,2023,2023-03-01,29083.6,13241.396235999991,5011.11,17309.25,20.60177,12298.14,40075.0,547.20654,533.75787,155.1,160.5,162.7,147.3,5.2166
329,4,2023,2023-04-01,29408.28,14336.464478,4772.02,5096.71,0.000633,324.6800000000003,32060.0,547.293809375,488.777396875,134.625,140.5,142.125,127.25,5.0549
330,5,2023,2023-05-01,26422.37,15584.238723000004,5042.75,2056.8499999999995,0.051893,-2985.91,16030.0,511.2883025,483.7295525,130.875,135.0,134.0,118.625,4.9212
331,6,2023,2023-06-01,22376.85,13745.336737999998,4930.13,884.6000000000008,0.000239,-4045.5200000000004,8015.0,525.017153125,480.923153125,127.9,133.2,136.7,116.7,4.8791
332,7,2023,2023-07-01,18397.15,9695.932746,5099.11,1119.4200000000008,8.796478,-3979.699999999997,8015.0,557.7891,546.7656,139.75,142.875,148.0,123.125,4.872
333,8,2023,2023-08-01,15849.33,8386.951274000003,4920.9,2373.0699999999993,6.732071,-2547.8200000000015,8015.0,509.57966,550.73406,142.0,146.0,151.75,128.75,4.9059
334,9,2023,2023-09-01,13451.06,6398.078312999998,4447.34,2049.08,31.248347000000003,-2398.2700000000004,8015.0,488.66256875,526.60178125,139.1,144.9,150.6,129.3,4.9882
335,10,2023,2023-10-01,10617.56,5600.055264999998,4289.0,1455.4899999999998,28.45,-2833.5,8015.0,470.772346875,502.189321875,136.625,141.5,145.75,127.0,5.1466
336,11,2023,2023-11-01,8644.46,5196.190181999999,4238.31,2265.2100000000005,0.002525,-1973.1000000000004,8015.0,493.26488,522.21994,136.875,141.75,148.25,128.875,4.9013
337,12,2023,2023-12-01,5650.98,3828.7221759999993,4299.4,1305.94,21.4,-2993.4799999999996,8015.0,480.25715,511.4904,139.1,142.8,147.5,132.9,4.9317
338,1,2024,2024-01-01,6703.0,2854.8858300000006,3478.0,4596.0,122.542916,1052.0200000000004,15350.0,453.176085,434.656605,117.625,123.5,127.5,113.875,4.8539
339,2,2024,2024-02-01,14031.0,6608.137653999998,3652.0,10980.0,35.69365,7328.0,23025.0,427.551040625,390.806040625,110.5,115.25,119.0,104.25,4.9522
340,3,2024,2024-03-01,19841.0,12600.297224000005,4378.0,10184.0,41.97818600000001,5810.0,38375.0,433.95845,416.0452625,116.7,119.5,119.3,111.1,4.9802
341,4,2024,2024-04-01,23848.0,14687.842086999999,4353.0,8360.0,165.65,4007.0,30700.0,428.30890625,424.17509375,123.25,124.375,124.0,116.75,5.1183
342,5,2024,2024-05-01,23142.0,13436.72231100001,4289.0,3582.0,158.078129,-706.0,15350.0,446.561985,449.134135,130.7,133.3,131.1,123.0,5.1609
343,6,2024,2024-06-01,20017.0,13959.612086000016,4281.0,1156.0,141.49812,-3125.0,7675.0,430.949953125,443.167665625,132.0,135.875,135.5,126.125,5.3523
344,7,2024,2024-07-01,17397.0,11249.923995000005,4437.0,1817.0,86.77002000000002,-2620.0,7675.0,408.200205,427.675055,132.25,135.875,135.25,127.5,5.4291
345,8,2024,2024-08-01,14094.0,8041.521900999999,4368.0,1065.0,50.174977,-3303.0,7675.0,360.23879375,408.92591875,131.0,131.6,131.3,128.6,5.5079
346,9,2024,2024-09-01,11915.0,6106.462841999998,4194.0,2014.0,15.0,-2179.0,7675.0,372.3187125,431.75375,138.375,137.375,136.0,134.0,5.5988
347,10,2024,2024-10-01,9149.0,4709.986654000003,4447.0,1682.0,5.2e-05,-2766.0,7675.0,369.6730725,429.1264825,142.75,138.25,136.5,141.125,5.603
348,11,2024,2024-11-01,6693.0,2553.0338850000007,4145.0,1688.0,3.158,-2456.0,7675.0,366.163925,418.340906375,141.6,140.1,136.8,152.1,5.7378
349,12,2024,2024-12-01,3940.0,2006.0891950000002,4218.0,1466.0,0.418429,-2753.0,7675.0,358.30968125,392.29880625,136.125,135.875,135.75,129.5,6.0894
350,1,2025,2025-01-01,,1072.6666000000002,,,59.7,,17170.0,378.1979125,384.8120125,129.15,131.4,135.4,118.8,6.1053
