,mes,ano,ano_mes,estoque,exportacao,processamento,compra_liquida,saldo,producao,chicago_cbot_u$/t,fob_porto_paranagua_u$/t,maringa_r$/saca,mogiana_r$/saca,passofundo_r$/saca,rondonopolis_r$/saca
0,Jan,1987,1987-01-01,0.0,0.0,555.0,0.0,-555.0,0.0,0.0,0.0,0.0,0.0,0.0,0.0
1,Fev,1987,1987-02-01,0.0,0.0,647.0,655.0,8.0,0.0,0.0,0.0,0.0,0.0,0.0,0.0
2,Mar,1987,1987-03-01,0.0,0.0,1028.0,2207.0,1179.0,0.0,0.0,0.0,0.0,0.0,0.0,0.0
3,Abr,1987,1987-04-01,0.0,0.0,1625.0,3571.0,1946.0,0.0,0.0,0.0,0.0,0.0,0.0,0.0
4,Mai,1987,1987-05-01,0.0,0.0,1756.0,2765.0,1009.0,0.0,0.0,0.0,0.0,0.0,0.0,0.0
5,Jun,1987,1987-06-01,0.0,0.0,1737.0,1446.0,-291.0,0.0,0.0,0.0,0.0,0.0,0.0,0.0
6,Jul,1987,1987-07-01,0.0,0.0,1746.0,773.0,-973.0,0.0,0.0,0.0,0.0,0.0,0.0,0.0
7,Ago,1987,1987-08-01,0.0,0.0,1552.0,545.0,-1007.0,0.0,0.0,0.0,0.0,0.0,0.0,0.0
8,Set,1987,1987-09-01,0.0,0.0,1242.0,406.0,-836.0,0.0,0.0,0.0,0.0,0.0,0.0,0.0
9,Out,1987,1987-10-01,0.0,0.0,878.0,280.0,-598.0,0.0,0.0,0.0,0.0,0.0,0.0,0.0
10,Nov,1987,1987-11-01,0.0,0.0,616.0,208.0,-408.0,0.0,0.0,0.0,0.0,0.0,0.0,0.0
11,Dez,1987,1987-12-01,0.0,0.0,564.0,459.0,-105.0,0.0,0.0,0.0,0.0,0.0,0.0,0.0
12,Jan,1988,1988-01-01,0.0,0.0,429.0,291.0,-138.0,0.0,0.0,0.0,0.0,0.0,0.0,0.0
13,Fev,1988,1988-02-01,0.0,0.0,421.0,511.0,90.0,0.0,0.0,0.0,0.0,0.0,0.0,0.0
14,Mar,1988,1988-03-01,0.0,0.0,1159.0,2969.0,1810.0,0.0,0.0,0.0,0.0,0.0,0.0,0.0
15,Abr,1988,1988-04-01,0.0,0.0,1715.0,3703.0,1988.0,0.0,0.0,0.0,0.0,0.0,0.0,0.0
16,Mai,1988,1988-05-01,0.0,0.0,1493.0,2236.0,743.0,0.0,0.0,0.0,0.0,0.0,0.0,0.0
17,Jun,1988,1988-06-01,0.0,0.0,1479.0,1358.0,-121.0,0.0,0.0,0.0,0.0,0.0,0.0,0.0
18,Jul,1988,1988-07-01,0.0,0.0,1535.0,878.0,-657.0,0.0,0.0,0.0,0.0,0.0,0.0,0.0
19,Ago,1988,1988-08-01,0.0,0.0,1393.0,616.0,-777.0,0.0,0.0,0.0,0.0,0.0,0.0,0.0
20,Set,1988,1988-09-01,0.0,0.0,1269.0,432.0,-837.0,0.0,0.0,0.0,0.0,0.0,0.0,0.0
21,Out,1988,1988-10-01,0.0,0.0,1222.0,440.0,-782.0,0.0,0.0,0.0,0.0,0.0,0.0,0.0
22,Nov,1988,1988-11-01,0.0,0.0,1002.0,298.0,-704.0,0.0,0.0,0.0,0.0,0.0,0.0,0.0
23,Dez,1988,1988-12-01,0.0,0.0,612.0,224.0,-388.0,0.0,0.0,0.0,0.0,0.0,0.0,0.0
24,Jan,1989,1989-01-01,0.0,0.0,376.0,117.0,-259.0,0.0,0.0,0.0,0.0,0.0,0.0,0.0
25,Fev,1989,1989-02-01,0.0,0.0,355.0,355.0,0.0,0.0,0.0,0.0,0.0,0.0,0.0,0.0
26,Mar,1989,1989-03-01,0.0,0.0,860.0,1708.0,848.0,0.0,0.0,0.0,0.0,0.0,0.0,0.0
27,Abr,1989,1989-04-01,0.0,0.0,1628.0,4582.0,2954.0,0.0,0.0,0.0,0.0,0.0,0.0,0.0
28,Mai,1989,1989-05-01,0.0,0.0,1741.0,2420.0,679.0,0.0,0.0,0.0,0.0,0.0,0.0,0.0
29,Jun,1989,1989-06-01,0.0,0.0,1442.0,832.0,-610.0,0.0,0.0,0.0,0.0,0.0,0.0,0.0
30,Jul,1989,1989-07-01,0.0,0.0,1751.0,1406.0,-345.0,0.0,0.0,0.0,0.0,0.0,0.0,0.0
31,Ago,1989,1989-08-01,0.0,0.0,1886.0,1535.0,-351.0,0.0,0.0,0.0,0.0,0.0,0.0,0.0
32,Set,1989,1989-09-01,0.0,0.0,1669.0,836.0,-833.0,0.0,0.0,0.0,0.0,0.0,0.0,0.0
33,Out,1989,1989-10-01,0.0,0.0,1666.0,1027.0,-639.0,0.0,0.0,0.0,0.0,0.0,0.0,0.0
34,Nov,1989,1989-11-01,0.0,0.0,1398.0,852.0,-546.0,0.0,0.0,0.0,0.0,0.0,0.0,0.0
35,Dez,1989,1989-12-01,0.0,0.0,1113.0,662.0,-451.0,0.0,0.0,0.0,0.0,0.0,0.0,0.0
36,Jan,1990,1990-01-01,0.0,0.0,680.0,276.0,-404.0,0.0,0.0,0.0,0.0,0.0,0.0,0.0
37,Fev,1990,1990-02-01,0.0,0.0,599.0,548.0,-51.0,0.0,0.0,0.0,0.0,0.0,0.0,0.0
38,Mar,1990,1990-03-01,0.0,0.0,1051.0,2325.0,1274.0,0.0,0.0,0.0,0.0,0.0,0.0,0.0
39,Abr,1990,1990-04-01,0.0,0.0,1590.0,3099.0,1509.0,0.0,0.0,0.0,0.0,0.0,0.0,0.0
40,Mai,1990,1990-05-01,0.0,0.0,1620.0,2094.0,474.0,0.0,0.0,0.0,0.0,0.0,0.0,0.0
41,Jun,1990,1990-06-01,0.0,0.0,1507.0,1386.0,-121.0,0.0,0.0,0.0,0.0,0.0,0.0,0.0
42,Jul,1990,1990-07-01,0.0,0.0,1692.0,1260.0,-432.0,0.0,0.0,0.0,0.0,0.0,0.0,0.0
43,Ago,1990,1990-08-01,0.0,0.0,1413.0,1171.0,-242.0,0.0,0.0,0.0,0.0,0.0,0.0,0.0
44,Set,1990,1990-09-01,0.0,0.0,1421.0,918.0,-503.0,0.0,0.0,0.0,0.0,0.0,0.0,0.0
45,Out,1990,1990-10-01,0.0,0.0,1308.0,574.0,-734.0,0.0,0.0,0.0,0.0,0.0,0.0,0.0
46,Nov,1990,1990-11-01,0.0,0.0,1305.0,808.0,-497.0,0.0,0.0,0.0,0.0,0.0,0.0,0.0
47,Dez,1990,1990-12-01,0.0,0.0,1056.0,604.0,-452.0,0.0,0.0,0.0,0.0,0.0,0.0,0.0
48,Jan,1991,1991-01-01,0.0,0.0,873.0,431.0,-442.0,0.0,0.0,0.0,0.0,0.0,0.0,0.0
49,Fev,1991,1991-02-01,0.0,0.0,658.0,646.0,-12.0,0.0,0.0,0.0,0.0,0.0,0.0,0.0
50,Mar,1991,1991-03-01,0.0,0.0,883.0,1799.0,916.0,0.0,0.0,0.0,0.0,0.0,0.0,0.0
51,Abr,1991,1991-04-01,0.0,0.0,1367.0,2683.0,1316.0,0.0,0.0,0.0,0.0,0.0,0.0,0.0
52,Mai,1991,1991-05-01,0.0,0.0,1769.0,2145.0,376.0,0.0,0.0,0.0,0.0,0.0,0.0,0.0
53,Jun,1991,1991-06-01,0.0,0.0,1459.0,1357.0,-102.0,0.0,0.0,0.0,0.0,0.0,0.0,0.0
54,Jul,1991,1991-07-01,0.0,0.0,1240.0,1015.0,-225.0,0.0,0.0,0.0,0.0,0.0,0.0,0.0
55,Ago,1991,1991-08-01,0.0,0.0,1218.0,944.0,-274.0,0.0,0.0,0.0,0.0,0.0,0.0,0.0
56,Set,1991,1991-09-01,0.0,0.0,1061.0,697.0,-364.0,0.0,0.0,0.0,0.0,0.0,0.0,0.0
57,Out,1991,1991-10-01,0.0,0.0,1040.0,579.0,-461.0,0.0,0.0,0.0,0.0,0.0,0.0,0.0
58,Nov,1991,1991-11-01,0.0,0.0,959.0,541.0,-418.0,0.0,0.0,0.0,0.0,0.0,0.0,0.0
59,Dez,1991,1991-12-01,0.0,0.0,745.0,302.0,-443.0,0.0,0.0,0.0,0.0,0.0,0.0,0.0
60,Jan,1992,1992-01-01,0.0,0.0,658.0,328.0,-330.0,0.0,0.0,0.0,0.0,0.0,0.0,0.0
61,Fev,1992,1992-02-01,0.0,0.0,597.0,512.0,-85.0,0.0,0.0,0.0,0.0,0.0,0.0,0.0
62,Mar,1992,1992-03-01,0.0,0.0,1007.0,1958.0,951.0,0.0,0.0,0.0,0.0,0.0,0.0,0.0
63,Abr,1992,1992-04-01,0.0,0.0,1722.0,3976.0,2254.0,0.0,0.0,0.0,0.0,0.0,0.0,0.0
64,Mai,1992,1992-05-01,0.0,0.0,1957.0,2423.0,466.0,0.0,0.0,0.0,0.0,0.0,0.0,0.0
65,Jun,1992,1992-06-01,0.0,0.0,1752.0,1292.0,-460.0,0.0,0.0,0.0,0.0,0.0,0.0,0.0
66,Jul,1992,1992-07-01,0.0,0.0,1650.0,980.0,-670.0,0.0,0.0,0.0,0.0,0.0,0.0,0.0
67,Ago,1992,1992-08-01,0.0,0.0,1511.0,755.0,-756.0,0.0,0.0,0.0,0.0,0.0,0.0,0.0
68,Set,1992,1992-09-01,0.0,0.0,1343.0,804.0,-539.0,0.0,0.0,0.0,0.0,0.0,0.0,0.0
69,Out,1992,1992-10-01,0.0,0.0,1039.0,675.0,-364.0,0.0,0.0,0.0,0.0,0.0,0.0,0.0
70,Nov,1992,1992-11-01,0.0,0.0,859.0,547.0,-312.0,0.0,0.0,0.0,0.0,0.0,0.0,0.0
71,Dez,1992,1992-12-01,0.0,0.0,684.0,515.0,-169.0,0.0,0.0,0.0,0.0,0.0,0.0,0.0
72,Jan,1993,1993-01-01,0.0,0.0,635.0,346.0,-289.0,0.0,0.0,0.0,0.0,0.0,0.0,0.0
73,Fev,1993,1993-02-01,0.0,0.0,655.0,792.0,137.0,0.0,0.0,0.0,0.0,0.0,0.0,0.0
74,Mar,1993,1993-03-01,0.0,0.0,1259.0,2836.0,1577.0,0.0,0.0,0.0,0.0,0.0,0.0,0.0
75,Abr,1993,1993-04-01,0.0,0.0,1827.0,3915.0,2088.0,0.0,0.0,0.0,0.0,0.0,0.0,0.0
76,Mai,1993,1993-05-01,0.0,0.0,1912.0,2261.0,349.0,0.0,0.0,0.0,0.0,0.0,0.0,0.0
77,Jun,1993,1993-06-01,0.0,0.0,1782.0,1343.0,-439.0,0.0,0.0,0.0,0.0,0.0,0.0,0.0
78,Jul,1993,1993-07-01,0.0,0.0,1732.0,1133.0,-599.0,0.0,0.0,0.0,0.0,0.0,0.0,0.0
79,Ago,1993,1993-08-01,0.0,0.0,1691.0,1123.0,-568.0,0.0,0.0,0.0,0.0,0.0,0.0,0.0
80,Set,1993,1993-09-01,0.0,0.0,1475.0,860.0,-615.0,0.0,0.0,0.0,0.0,0.0,0.0,0.0
81,Out,1993,1993-10-01,0.0,0.0,1370.0,741.0,-629.0,0.0,0.0,0.0,0.0,0.0,0.0,0.0
82,Nov,1993,1993-11-01,0.0,0.0,1261.0,770.0,-491.0,0.0,0.0,0.0,0.0,0.0,0.0,0.0
83,Dez,1993,1993-12-01,0.0,0.0,980.0,569.0,-411.0,0.0,0.0,0.0,0.0,0.0,0.0,0.0
84,Jan,1994,1994-01-01,0.0,0.0,827.0,474.0,-353.0,0.0,0.0,0.0,0.0,0.0,0.0,0.0
85,Fev,1994,1994-02-01,0.0,0.0,844.0,867.0,23.0,0.0,0.0,0.0,0.0,0.0,0.0,0.0
86,Mar,1994,1994-03-01,0.0,0.0,1330.0,3191.0,1861.0,0.0,0.0,0.0,0.0,0.0,0.0,0.0
87,Abr,1994,1994-04-01,0.0,0.0,1846.0,4775.0,2929.0,0.0,0.0,0.0,0.0,0.0,0.0,0.0
88,Mai,1994,1994-05-01,0.0,0.0,2189.0,2248.0,59.0,0.0,0.0,0.0,0.0,0.0,0.0,0.0
89,Jun,1994,1994-06-01,0.0,0.0,2163.0,1520.0,-643.0,0.0,0.0,0.0,0.0,0.0,0.0,0.0
90,Jul,1994,1994-07-01,0.0,0.0,1966.0,1117.0,-849.0,0.0,0.0,0.0,0.0,0.0,0.0,0.0
91,Ago,1994,1994-08-01,0.0,0.0,1920.0,1218.0,-702.0,0.0,0.0,0.0,0.0,0.0,0.0,0.0
92,Set,1994,1994-09-01,0.0,0.0,1743.0,846.0,-897.0,0.0,0.0,0.0,0.0,0.0,0.0,0.0
93,Out,1994,1994-10-01,0.0,0.0,1558.0,737.0,-821.0,0.0,0.0,0.0,0.0,0.0,0.0,0.0
94,Nov,1994,1994-11-01,0.0,0.0,1352.0,824.0,-528.0,0.0,0.0,0.0,0.0,0.0,0.0,0.0
95,Dez,1994,1994-12-01,0.0,0.0,1124.0,937.0,-187.0,0.0,0.0,0.0,0.0,0.0,0.0,0.0
96,Jan,1995,1995-01-01,0.0,0.0,701.0,357.0,-344.0,0.0,0.0,0.0,0.0,0.0,0.0,0.0
97,Fev,1995,1995-02-01,0.0,5.0,754.0,1029.0,270.0,0.0,0.0,0.0,0.0,0.0,0.0,0.0
98,Mar,1995,1995-03-01,0.0,74.0,1689.0,4750.0,2987.0,0.0,0.0,0.0,0.0,0.0,0.0,0.0
99,Abr,1995,1995-04-01,0.0,641.0,2109.0,5700.0,2950.0,0.0,0.0,0.0,0.0,0.0,0.0,0.0
100,Mai,1995,1995-05-01,0.0,814.0,2359.0,2753.0,-420.0,0.0,0.0,0.0,0.0,0.0,0.0,0.0
101,Jun,1995,1995-06-01,0.0,644.0,2252.0,1317.0,-1579.0,0.0,0.0,0.0,0.0,0.0,0.0,0.0
102,Jul,1995,1995-07-01,0.0,556.0,2198.0,1082.0,-1672.0,0.0,0.0,0.0,0.0,0.0,0.0,0.0
103,Ago,1995,1995-08-01,0.0,394.0,2143.0,1234.0,-1303.0,0.0,0.0,0.0,0.0,0.0,0.0,0.0
104,Set,1995,1995-09-01,0.0,306.0,1950.0,1140.0,-1116.0,0.0,0.0,0.0,0.0,0.0,0.0,0.0
105,Out,1995,1995-10-01,0.0,30.0,1897.0,1040.0,-887.0,0.0,0.0,0.0,0.0,0.0,0.0,0.0
106,Nov,1995,1995-11-01,0.0,0.0,1778.0,718.0,-1060.0,0.0,0.0,0.0,0.0,0.0,0.0,0.0
107,Dez,1995,1995-12-01,0.0,0.0,1479.0,629.0,-850.0,0.0,0.0,0.0,0.0,0.0,0.0,0.0
108,Jan,1996,1996-01-01,0.0,4.0,991.0,420.0,-575.0,0.0,273.661441,285.2362451,15.33,14.17,15.02,12.53
109,Fev,1996,1996-02-01,0.0,0.0,941.0,1207.0,266.0,0.0,268.9580285,277.7034361,13.67,13.94,13.64,11.57
110,Mar,1996,1996-03-01,0.0,291.0,1602.0,4115.0,2222.0,0.0,267.392674,274.558029,12.38,13.06,13.38,10.25
111,Abr,1996,1996-04-01,0.0,956.0,2199.0,5373.0,2218.0,0.0,291.3690541,300.9228607,14.04,14.04,14.33,11.68
112,Mai,1996,1996-05-01,0.0,643.0,2379.0,2813.0,-209.0,0.0,296.1202356,305.3433335,14.44,14.61,15.22,12.41
113,Jun,1996,1996-06-01,0.0,503.0,2174.0,1434.0,-1243.0,0.0,283.9060613,289.6015998,13.97,13.87,14.71,11.77
114,Jul,1996,1996-07-01,0.0,426.0,2229.0,1286.0,-1369.0,0.0,282.5905756,289.3884765,14.28,14.23,14.89,11.74
115,Ago,1996,1996-08-01,0.0,376.0,2112.0,1160.0,-1328.0,0.0,291.3690541,307.6729925,15.44,14.84,16.05,12.3
116,Set,1996,1996-09-01,0.0,229.0,1922.0,936.0,-1215.0,0.0,293.066692,309.6021265,18.19,17.75,18.25,15.14
117,Out,1996,1996-10-01,0.0,144.0,1626.0,616.0,-1154.0,0.0,259.6283689,278.368528,17.56,17.61,17.77,15.16
118,Nov,1996,1996-11-01,0.0,51.0,1320.0,367.0,-1004.0,0.0,256.185324,264.2693142,17.87,17.63,18.18,15.76
119,Dez,1996,1996-12-01,0.0,0.0,945.0,347.0,-598.0,0.0,256.9202322,265.5554035,17.85,17.79,17.83,15.8
120,Jan,1997,1997-01-01,0.0,14.03,634.0,234.0,-414.03,0.0,266.6981858,275.2231209,16.47,16.73,16.71,14.49
121,Fev,1997,1997-02-01,0.0,17.095,932.0,2104.0,1154.9050000000002,0.0,281.5396569,285.5338829,15.65,15.64,16.95,13.13
122,Mar,1997,1997-03-01,0.0,550.157554,1782.0,4865.0,2532.8424459999997,0.0,308.4556697,303.4031758,15.98,16.11,17.09,13.42
123,Abr,1997,1997-04-01,0.0,1598.886449,2227.0,4946.0,1120.113551,0.0,314.0997647,304.6194489,16.66,16.84,17.42,14.23
124,Mai,1997,1997-05-01,0.0,1697.31268,2443.0,2285.0,-1855.31268,0.0,319.0420223,307.4231237,17.32,17.23,17.71,14.89
125,Jun,1997,1997-06-01,0.0,1345.808797,2386.0,932.0,-2799.8087969999997,0.0,299.3611807,288.4294213,17.05,16.9,17.22,14.95
126,Jul,1997,1997-07-01,0.0,1670.251481,2203.0,599.0,-3274.2514810000002,0.0,257.9527782,283.8582923,16.53,15.97,16.82,14.33
127,Ago,1997,1997-08-01,0.0,986.59781,2016.0,819.0,-2183.59781,0.0,243.8535644,285.3758777,17.86,17.24,18.12,15.58
128,Set,1997,1997-09-01,0.0,348.74601,1509.0,636.0,-1221.74601,0.0,234.8252171,289.9433321,19.34,18.78,19.12,16.66
129,Out,1997,1997-10-01,0.0,105.540943,1116.0,397.0,-824.540943,0.0,248.5826987,303.7008137,18.86,19.03,18.83,16.85
130,Nov,1997,1997-11-01,0.0,4.89918,873.0,449.0,-428.89918,0.0,266.9554037,322.0735187,20.21,18.9,20.56,16.97
131,Dez,1997,1997-12-01,0.0,0.26412,765.0,515.0,-250.26412000000005,0.0,253.0840114,308.2021264,20.03,19.09,19.74,17.11
132,Jan,1998,1998-01-01,0.0,1.62416,692.0,350.0,-343.62416,0.0,246.6756119,301.7956119,17.44,18.09,17.96,14.65
133,Fev,1998,1998-02-01,0.0,21.2484,907.0,1344.0,415.75160000000005,0.0,247.5501526,276.9501526,15.57,14.63,16.47,13.45
134,Mar,1998,1998-03-01,0.0,399.346036,1717.0,4707.0,2590.653964,0.0,241.2813857,237.6068447,13.92,13.95,14.75,11.65
135,Abr,1998,1998-04-01,0.0,1859.816767,2315.0,6030.0,1855.1832329999997,0.0,235.32,231.75,13.66,13.41,14.12,11.16
136,Mai,1998,1998-05-01,0.0,1894.612707,2506.0,2670.0,-1730.612707,0.0,234.5496266,233.5391278,14.11,13.48,14.37,11.62
137,Jun,1998,1998-06-01,0.0,1468.338152,2497.0,1767.0,-2198.3381520000003,0.0,231.7275791,229.302382,13.77,13.26,13.9,11.46
138,Jul,1998,1998-07-01,0.0,1160.333462,2436.0,1376.0,-2220.333462,0.0,227.9317782,225.9475261,13.71,12.93,13.8,11.5
139,Ago,1998,1998-08-01,0.0,881.387828,2238.0,1062.0,-2057.387828,0.0,196.6357125,213.171147,13.38,13.16,13.28,11.21
140,Set,1998,1998-09-01,0.0,962.469185,1884.0,752.0,-2094.469185,0.0,192.5018539,218.2236409,14.1,13.79,14.13,12.11
141,Out,1998,1998-10-01,0.0,409.859085,1808.0,834.0,-1383.859085,0.0,199.4173401,227.8950328,14.53,14.16,14.37,12.68
142,Nov,1998,1998-11-01,0.0,166.280691,1569.0,660.0,-1075.280691,0.0,211.6535616,211.6535616,14.68,14.25,14.88,12.91
143,Dez,1998,1998-12-01,0.0,62.39182,1304.0,494.4,-871.99182,0.0,205.8845322,205.8845322,14.26,13.84,14.14,11.91
144,Jan,1999,1999-01-01,0.0,39.262486,651.0,398.4,-291.86248600000005,31377.0,195.599492,198.9984424,15.02,14.64,14.72,13.56
145,Fev,1999,1999-02-01,0.0,142.74174,891.5214088,1562.0,527.7368512,31377.0,178.4448973,174.0354481,17.87,17.39,17.67,15.16
146,Mar,1999,1999-03-01,0.0,523.877889,1799.804677,5626.6,3302.917434,31377.0,177.0210127,169.3044766,16.74,16.78,17.4,14.39
147,Abr,1999,1999-04-01,0.0,1568.170612,2317.327093,5434.0,1548.5022950000002,31377.0,177.7338736,170.7522457,15.28,15.36,15.94,13.02
148,Mai,1999,1999-05-01,0.0,1860.894337,2483.898073,1977.0,-2367.79241,31377.0,171.6488337,167.5149751,15.29,15.2,15.72,13.2
149,Jun,1999,1999-06-01,0.0,1422.179649,2234.565411,1160.0,-2496.74506,31377.0,169.9695685,172.1742931,16.01,15.93,16.31,13.82
150,Jul,1999,1999-07-01,0.0,1252.347954,2045.994491,819.0,-2479.342445,31377.0,159.037809,166.9380722,15.65,15.64,15.82,13.83
151,Ago,1999,1999-08-01,0.0,774.475498,2120.375243,957.0,-1937.850741,31377.0,167.5370224,170.7522457,17.74,17.09,17.37,15.01
152,Set,1999,1999-09-01,0.0,703.024146,1947.518565,1027.0,-1623.542711,31377.0,177.7559209,183.0472599,20.45,19.98,20.65,16.8
153,Out,1999,1999-10-01,0.0,322.837478,1880.471127,1088.0,-1115.308605,31377.0,178.3254747,178.3254747,21.38,20.84,21.68,18.33
154,Nov,1999,1999-11-01,0.0,186.162796,1779.899969,706.0,-1260.0627650000001,31377.0,170.2231118,170.2231118,20.42,20.45,20.6,17.91
155,Dez,1999,1999-12-01,0.0,114.94086,1323.139294,504.0,-934.080154,31377.0,169.9107758,169.9107758,19.56,19.09,19.48,16.54
156,Jan,2000,2000-01-01,459.153,33.61162,820.4846477,619.553,224.60973230000025,34127.0,182.7643203,182.7643203,19.67,18.52,19.86,16.97
157,Fev,2000,2000-02-01,888.0,59.205827,1032.097,1461.097,1257.794173,34127.0,185.3805935,188.6876804,19.19,18.63,19.21,16.51
158,Mar,2000,2000-03-01,4354.0,563.36534,1873.889,5339.889,7256.634659999999,34127.0,190.4882054,187.6220635,17.61,17.75,18.22,15.03
159,Abr,2000,2000-04-01,8645.0,1605.231947,2373.0,6664.0,11330.768053,34127.0,197.1868937,193.7879433,18.02,17.91,18.27,15.49
160,Mai,2000,2000-05-01,8445.0,1769.814548,2384.0,2184.0,6475.185452,34127.0,200.9532982,197.6462113,18.98,18.52,19.3,15.93
161,Jun,2000,2000-06-01,6865.0,1791.613782,2104.0,524.0,3493.3862179999996,34127.0,186.593192,190.3412238,18.17,17.88,18.61,15.03
162,Jul,2000,2000-07-01,4991.0,1851.291357,2005.0,131.0,1265.708643,34127.0,170.2451591,179.7989657,17.25,17.18,17.72,14.56
163,Ago,2000,2000-08-01,3829.0,2010.500747,1796.0,634.0,656.499253,34127.0,168.0882035,180.1223253,17.32,17.03,17.35,14.64
164,Set,2000,2000-09-01,2972.0,791.795386,1713.0,856.0,1323.2046140000002,34127.0,179.4572334,186.1632707,18.58,18.09,18.94,15.83
165,Out,2000,2000-10-01,2181.0,597.95163,1740.0,949.0,792.04837,34127.0,173.8057893,179.1338738,18.73,18.15,18.91,16.07
166,Nov,2000,2000-11-01,1612.0,328.678928,1741.0,1172.0,714.3210720000002,34127.0,177.7742936,177.7742936,19.47,18.87,19.8,16.96
167,Dez,2000,2000-12-01,969.0,114.011469,1598.0,955.0,211.98853099999997,34127.0,184.9690449,184.9690449,21.81,20.47,22.0,19.14
168,Jan,2001,2001-01-01,429.0,295.766257,1218.0,678.0,-406.766257,39058.0,175.6908288,175.6908288,20.19,19.57,20.94,17.83
169,Fev,2001,2001-02-01,680.3436038,92.302365,1289.570827,1540.914431,839.3848428000001,39058.0,167.3349226,166.0855787,17.87,17.51,19.79,15.47
170,Mar,2001,2001-03-01,5011.85767,902.753591,1915.477861,6247.334927,8440.961145000001,39058.0,163.7742924,161.5695678,16.8,18.15,18.21,14.87
171,Abr,2001,2001-04-01,9437.027281,1992.261225,2271.568967,6696.803578,11870.000667,39058.0,158.9973891,158.9973891,17.1,18.27,17.59,14.98
172,Mai,2001,2001-05-01,9204.770892,2541.335701,2342.10068,2109.844291,6431.178802,39058.0,163.4803291,163.5538199,18.81,18.97,19.3,16.32
173,Jun,2001,2001-06-01,8127.536195,2652.623567,2171.928929,1094.694232,4397.677931,39058.0,171.7113009,173.4750806,21.19,20.71,21.81,18.67
174,Jul,2001,2001-07-01,6642.539093,1952.556305,2216.710969,731.7138669,3204.9856858999997,39058.0,188.1364992,195.8530353,25.02,24.53,25.44,22.43
175,Ago,2001,2001-08-01,4841.879475,2495.838931,2198.446738,398.1207736,545.7145795999995,39058.0,181.1548713,197.3228517,27.04,25.77,27.14,24.08
176,Set,2001,2001-09-01,3672.995486,1502.6522,2038.702361,870.8723587,1002.5132837000001,39058.0,174.9081516,191.8110402,28.85,27.72,28.78,25.46
177,Out,2001,2001-10-01,2424.822755,827.863306,2086.374489,838.2080295,348.79298950000066,39058.0,163.8845286,175.2756057,29.52,28.38,29.77,25.85
178,Nov,2001,2001-11-01,1397.537506,193.036187,1866.142584,838.8573344,177.21606939999992,39058.0,162.4147122,162.4147122,30.0,29.42,29.95,25.65
179,Dez,2001,2001-12-01,572.7413371,226.552401,1488.772195,662.8890259,-479.69423300000005,39058.0,159.75067,159.75067,27.3,27.89,27.16,24.12
180,Jan,2002,2002-01-01,340.876573,142.134115,887.4166801,655.05229,-33.62193209999998,42769.0,159.1811161,167.908151,25.68,27.17,26.92,21.44
181,Fev,2002,2002-02-01,1170.053509,81.840295,1436.880719,2266.417255,1917.7497499999997,42769.0,161.2434523,162.4376781,22.13,22.53,24.49,18.31
182,Mar,2002,2002-03-01,6941.50561,651.19581,2132.175322,7903.425423,12061.559901,42769.0,165.35,161.67546,20.45,20.67,21.63,17.7
183,Abr,2002,2002-04-01,12484.48497,1707.065733,2362.767593,7905.544954,16320.196597999999,42769.0,172.2441094,174.8622198,21.81,21.34,22.01,18.66
184,Mai,2002,2002-05-01,11705.43216,1263.756279,2480.259514,1701.206703,9662.623070000001,42769.0,177.186367,183.8005408,24.49,23.59,24.59,21.85
185,Jun,2002,2002-06-01,10080.9386,1256.748132,2510.695055,886.2014894,7199.696902399999,42769.0,184.8753441,194.1535601,28.36,27.42,29.0,25.27
186,Jul,2002,2002-07-01,8517.729972,2594.472791,2610.524883,1047.316259,4360.048556999998,42769.0,206.6929313,210.229677,32.11,31.66,33.08,29.46
187,Ago,2002,2002-08-01,6522.405169,1701.20827,2560.117117,564.7923144,2825.8720963999995,42769.0,206.6929313,216.0630108,35.17,35.33,35.8,31.94
188,Set,2002,2002-09-01,4797.385239,3848.423352,2271.004067,545.9841366,-776.0580433999994,42769.0,208.0019865,228.211962,41.28,39.58,40.98,38.18
189,Out,2002,2002-10-01,3298.491181,1684.333491,2455.087295,956.1932368,115.26363179999998,42769.0,199.858285,221.905531,45.95,44.92,46.68,43.01
190,Nov,2002,2002-11-01,1931.461209,470.706661,2222.511462,855.4814908,93.7245767999998,42769.0,210.4593358,210.4593358,46.71,46.51,47.56,43.35
191,Dez,2002,2002-12-01,770.4759428,558.11709,1830.695382,669.7101158,-948.6264134,42769.0,208.2775771,208.2775771,48.67,45.64,48.98,43.13
192,Jan,2003,2003-01-01,294.0234517,245.773889,969.3909903,492.9384992,-428.2029283999999,51875.0,207.4645849,214.8136669,43.14,41.25,43.28,37.44
193,Fev,2003,2003-02-01,1621.102003,189.292987,1338.082109,2665.143418,2758.870325,51875.0,209.1962123,213.6056615,42.65,39.34,43.3,35.27
194,Mar,2003,2003-03-01,7832.86025,1290.963377,2362.049067,8573.807314,12753.65512,51875.0,210.5466061,208.2959498,38.56,38.21,39.0,32.9
195,Abr,2003,2003-04-01,14349.09146,2891.576437,2563.189889,9079.421101,17973.746235,51875.0,220.7480506,217.8084178,36.17,36.05,35.24,31.36
196,Mai,2003,2003-05-01,13397.79041,3278.170259,2766.801191,1815.500136,9168.319096,51875.0,230.6693113,225.1942452,36.38,35.9,36.11,32.28
197,Jun,2003,2003-06-01,11154.48117,2507.261576,2636.036777,392.7275371,6403.910354099999,51875.0,231.1286289,232.46065,35.96,36.18,35.82,32.12
198,Jul,2003,2003-07-01,8447.609612,1841.400423,2693.194927,-13.67662754,3899.3376344599997,51875.0,213.3071051,222.6036938,34.78,35.13,34.79,31.3
199,Ago,2003,2003-08-01,5971.611825,2475.310027,2780.792788,304.7950011,1020.3040111,51875.0,205.4527737,221.3910953,35.51,35.28,35.15,32.28
200,Set,2003,2003-09-01,4305.79747,2178.802743,2549.859028,884.044673,461.1803720000007,51875.0,225.9613056,239.6949026,38.86,38.19,38.09,34.88
201,Out,2003,2003-10-01,3030.820961,2115.086914,2512.122491,1237.145982,-359.2424620000006,51875.0,268.4435928,277.519709,45.14,44.12,44.74,41.38
202,Nov,2003,2003-11-01,2185.901605,524.312898,2305.064864,1460.145508,816.669351,51875.0,281.7224653,287.4180038,47.76,46.96,47.76,43.97
203,Dez,2003,2003-12-01,1429.818542,335.508804,1970.545892,1214.462829,338.2266749999999,51875.0,281.3090794,281.3090794,46.3,45.49,47.12,41.72
204,Jan,2004,2004-01-01,1124.101582,342.799418,1318.234595,1012.517635,475.585204,50085.0,299.8609183,290.1601301,45.81,45.85,46.1,41.21
205,Fev,2004,2004-02-01,2390.08015,453.477609,1716.296274,2982.376424,3202.682691,50085.0,318.2037677,290.874369,44.48,44.35,45.56,37.79
206,Mar,2004,2004-03-01,10062.53592,1580.9612,2460.960961,10133.41673,16154.030488999997,50085.0,356.2008182,317.8477965,50.18,49.76,50.71,43.53
207,Abr,2004,2004-04-01,14857.56911,2005.54483,2795.550182,7590.583371,17647.057469000003,50085.0,364.1837585,322.4777182,51.0,49.75,52.13,47.75
208,Mai,2004,2004-05-01,14038.00521,2667.730435,2873.353569,2053.789665,10550.710871,50085.0,346.4862504,290.4495002,45.5,44.32,44.01,43.75
209,Jun,2004,2004-06-01,11712.85483,3712.593617,2852.103626,526.9532545,5675.1108415,50085.0,320.0065893,263.9698391,43.88,43.63,43.13,41.5
210,Jul,2004,2004-07-01,9098.511738,2314.085166,2898.705275,284.3621781,4170.0834751,50085.0,274.8483177,246.554352,40.1,40.5,39.5,36.06
211,Ago,2004,2004-08-01,6451.689116,2002.973711,2714.71883,67.89620783,1801.8927828300002,50085.0,215.9252155,236.8241675,38.13,38.28,38.51,34.5
212,Set,2004,2004-09-01,4426.770517,2291.493611,2554.821897,529.9032979,110.35830690000057,50085.0,210.073509,232.120755,37.3,38.75,36.63,32.83
213,Out,2004,2004-10-01,3218.590401,920.481445,2345.927165,1137.747049,1089.92884,50085.0,192.7067096,216.5912261,34.3,35.5,34.6,31.64
214,Nov,2004,2004-11-01,2215.392896,485.045852,2168.466569,1165.269064,727.1495389999995,50085.0,197.5525105,224.4225916,33.875,33.25,33.125,30.05
215,Dez,2004,2004-12-01,1315.951248,400.230462,2006.870889,1107.429242,16.279138999999986,50085.0,195.6693083,219.0945071,32.5,33.75,32.5,29.925
216,Jan,2005,2005-01-01,778.9742879,351.945415,1525.872072,988.8951112,-109.94808790000002,53053.0,194.0616966,206.2795454,33.04,33.75,33.25,28.9
217,Fev,2005,2005-02-01,2515.142557,414.0,1962.940325,3699.082883,3837.285115,53053.0,196.7257388,208.0249524,28.3,29.25,29.25,24.425
218,Mar,2005,2005-03-01,9418.818022,1833.0,2771.011229,9674.686694,14489.493487,53053.0,235.9239049,239.0472648,33.425,35.5,34.25,30.125
219,Abr,2005,2005-04-01,15387.76308,2698.0,2981.571279,8950.516334,18658.708135,53053.0,227.637815,229.7200549,32.35,31.95,32.73,27.88
220,Mai,2005,2005-05-01,15397.49779,2297.0,3016.652348,3026.387064,13110.232506,53053.0,236.3418839,239.6030391,30.9,30.45,31.08,26.48
221,Jun,2005,2005-06-01,13183.17206,2952.0,2804.625419,590.2996896,8016.846330600001,53053.0,254.7191821,250.8241687,33.025,32.15,31.775,28.25
222,Jul,2005,2005-07-01,10969.92652,2691.0,2689.520784,476.2752419,6065.680977900001,53053.0,253.8878172,254.4849301,32.8,31.15,29.775,27.125
223,Ago,2005,2005-08-01,8711.964926,2752.0,2510.550028,252.5884324,3702.0033304000003,53053.0,233.2185241,245.5282364,31.42,32.32,30.3,26.76
224,Set,2005,2005-09-01,6615.857194,2204.0,2558.417105,462.3093729,2315.7494619000004,53053.0,215.364848,238.9186558,29.325,29.275,27.95,25.225
225,Out,2005,2005-10-01,4781.972505,1792.0,2492.69125,658.8065624,1156.0878174,53053.0,212.3884698,237.099758,29.6,27.7,27.3,24.9
226,Nov,2005,2005-11-01,3062.830582,1359.0,2307.136406,588.0344822,-15.271341799999846,53053.0,212.498706,234.545952,29.3,26.0,26.7,25.1
227,Dez,2005,2005-12-01,1355.70019,953.0,2238.527434,531.3970424,-1304.4302016000001,53053.0,215.3097299,226.0393896,28.2,25.5,27.6,24.8
228,Jan,2006,2006-01-01,1219.736544,716.14747,1393.979988,1258.016342,367.6254280000003,56942.0,218.7729848,229.2454266,29.0,27.625,27.375,24.95
229,Fev,2006,2006-02-01,2678.856801,720.0,1890.0,3349.241171,3418.0979719999996,56942.0,218.543326,236.8700992,27.5,27.6,26.3,22.1
230,Mar,2006,2006-03-01,8902.474899,2654.0,2221.0,8444.999919,12472.474818000002,56942.0,214.5013309,222.9527752,25.3,24.6,23.5,20.0
231,Abr,2006,2006-04-01,13733.3155,2915.0,2614.0,7444.896533,15649.212033,56942.0,214.3865015,225.2263974,24.83333333,23.13333333,23.23333333,19.23333333
232,Mai,2006,2006-05-01,14178.25345,3171.0,2516.0,2961.346454,11452.599903999999,56942.0,219.7375518,230.5162054,26.25,24.45,24.625,20.75
233,Jun,2006,2006-06-01,12381.73635,2289.0,2696.0,899.8156422,8296.551992199998,56942.0,216.5590738,226.2966075,27.6,26.6,25.3,22.78
234,Jul,2006,2006-07-01,10281.70533,4377.0,2697.0,597.0756174,3804.7809474000005,56942.0,219.6456883,232.20037,26.86666667,25.66666667,25.83333333,23.56666667
235,Ago,2006,2006-08-01,8975.330115,2901.0,2796.0,1489.916816,4768.2469310000015,56942.0,205.7926687,228.0236418,26.9,25.9,25.9,23.1
236,Set,2006,2006-09-01,7303.499778,1993.0,2422.0,749.932818,3638.4325960000006,56942.0,199.8500173,223.8723291,27.33333333,25.5,26.16666667,22.76666667
237,Out,2006,2006-10-01,5418.469353,1682.0,2609.0,724.1934441,1851.6627971000007,56942.0,218.2371142,239.549452,29.33333333,28.0,27.5,25.0
238,Nov,2006,2006-11-01,4172.237636,998.0,2394.0,1147.67755,1927.9151860000002,56942.0,247.4252182,255.3622268,32.0,31.0,31.16666667,28.0
239,Dez,2006,2006-12-01,2797.932113,471.0,2081.0,706.9054885,952.8376014999999,56942.0,251.4763997,263.2808627,32.5,31.43333333,31.5,29.33333333
240,Jan,2007,2007-01-01,2288.916669,528.506937,1818.364109,1309.348665,1251.394288,58726.0,284.7769275,293.779553,30.83333333,30.56666667,30.43333333,25.33333333
241,Fev,2007,2007-02-01,5771.047343,775.0,2168.622145,5650.669488,8478.094686,58726.0,271.8241705,281.010523,30.85,32.16666667,31.16666667,26.93333333
242,Mar,2007,2007-03-01,13994.26487,2054.0,2692.588679,10915.8062,20163.482391,58726.0,282.5722029,278.8976619,31.0,32.275,30.475,26.25
243,Abr,2007,2007-04-01,17504.89566,3165.0,2790.568719,6301.199508,17850.526449,58726.0,272.5223333,268.0393932,29.83333333,29.5,28.76666667,24.66666667
244,Mai,2007,2007-05-01,16977.05296,3152.0,2982.424778,2454.58208,13297.210262,58726.0,285.5118357,276.6929373,29.45,29.2,28.725,25.6
245,Jun,2007,2007-06-01,14811.71454,3074.0,2877.285369,711.9469552,9572.3761262,58726.0,303.1496325,295.4330964,31.0,30.05,29.3,26.35
246,Jul,2007,2007-07-01,12670.53543,3093.0,2994.795359,853.6162427,7436.3563137,58726.0,314.5407096,302.0472702,27.5,27.775,27.0,25.15
247,Ago,2007,2007-08-01,10572.53262,2674.0,2989.101646,891.0988434,5800.529817399999,58726.0,308.7762734,319.9836235,33.66666667,33.13333333,33.58333333,31.66666667
248,Set,2007,2007-09-01,8635.115652,1817.0,2710.956928,773.539957,4880.698681000002,58726.0,354.501343,368.2808717,38.33333333,38.33333333,37.16666667,36.0
249,Out,2007,2007-10-01,6576.467377,2025.0,2662.10036,603.4520842,2492.8191012,58726.0,353.3989807,382.3359911,39.83333333,40.16666667,38.33333333,36.5
250,Nov,2007,2007-11-01,4721.604587,788.0,2483.400049,628.5372597,2078.7417977000005,58726.0,391.5912412,390.4429471,42.5,42.7,40.24,38.36
251,Dez,2007,2007-12-01,3258.72133,519.0,2314.482624,851.5993666,1276.8380725999996,58726.0,431.8810522,432.2485063,44.06666667,44.5,42.66666667,39.66666667
252,Jan,2008,2008-01-01,2027.061211,599.607207,1844.581261,612.9211417,195.7938846999998,59936.0,459.317625,465.1968906,46.375,45.25,45.375,40.25
253,Fev,2008,2008-02-01,4893.516781,425.0,2017.847136,4884.363917,7335.0335620000005,59936.0,512.5984695,497.9003055,46.75,46.025,48.0,42.125
254,Mar,2008,2008-03-01,12982.53611,1404.0,2629.516383,10718.53572,19667.555447,59936.0,504.8819334,488.713953,44.625,44.875,45.375,39.75
255,Abr,2008,2008-04-01,18470.32123,3346.0,2970.74192,8458.527041,20612.106351000002,59936.0,482.0997792,468.1365234,43.625,44.125,45.125,38.45
256,Mai,2008,2008-05-01,18395.58702,4442.0,3141.079686,3066.345469,13878.852802999998,59936.0,495.3281268,513.7008318,43.5,43.25,44.0,39.0
257,Jun,2008,2008-06-01,16548.04927,3544.0,3096.183987,1248.646244,11156.511526999999,59936.0,543.7402045,543.8779998,50.25,48.75,51.125,45.625
258,Jul,2008,2008-07-01,13304.13065,3982.0,3253.986551,10.06793035,6078.212029349999,59936.0,556.5276072,552.4856121,50.75,49.75,50.75,46.25
259,Ago,2008,2008-08-01,10747.82412,2358.0,2949.330977,393.0244475,5833.5175905,59936.0,471.5125079,492.6411187,44.125,44.125,45.125,39.625
260,Set,2008,2008-09-01,8318.147988,1862.0,2754.105985,324.4298492,4026.4718522000003,59936.0,436.8569931,460.0066014,45.75,45.375,45.75,40.9
261,Out,2008,2008-10-01,6261.691475,1062.0,2781.753114,725.2966013,3143.2349623,59936.0,340.5610531,371.1516069,43.5,41.5,44.375,39.375
262,Nov,2008,2008-11-01,4298.483661,724.0,2648.985302,685.7774873,1611.2758463,59936.0,323.2371233,357.0429005,44.16666667,41.5,45.0,39.5
263,Dez,2008,2008-12-01,2430.076032,750.0,2237.104444,368.696815,-188.33159699999987,59936.0,325.8858549,353.1693219,44.0,42.83333333,45.0,39.33333333
264,Jan,2009,2009-01-01,1991.341991,614.533775,1414.364928,975.6308871,938.0741751,57383.0,360.5949568,387.2966214,48.5,46.16666667,48.83333333,42.0
265,Fev,2009,2009-02-01,4826.890568,689.0,2298.751329,5134.641898,6973.781137,57383.0,344.3657341,364.5757096,47.5,44.5,50.0,39.83333333
266,Mar,2009,2009-03-01,11034.16321,2643.0,2752.922368,8960.195012,14598.435854000003,57383.0,335.7305627,355.6955688,44.5,42.33333333,44.66666667,38.16666667
267,Abr,2009,2009-04-01,16257.91908,4493.0,3000.018019,8223.77389,16988.674951,57383.0,378.1791665,392.785467,47.0,45.125,47.625,41.25
268,Mai,2009,2009-05-01,16050.48345,4679.0,3277.173406,3069.737776,11164.047820000002,57383.0,422.7559421,438.9239225,49.83333333,46.83333333,50.83333333,44.33333333
269,Jun,2009,2009-06-01,13264.13379,6174.0,3199.167843,412.8181806,4303.784127599999,57383.0,443.838621,461.0171002,49.83333333,46.16666667,50.0,44.0
270,Jul,2009,2009-07-01,10618.23451,3347.0,2993.457929,347.5586474,4625.335228399999,57383.0,391.3018711,404.5302187,47.75,44.375,47.3,42.25
271,Ago,2009,2009-08-01,7805.543393,2980.0,2896.171213,83.48009631,2012.8522763099995,57383.0,382.9560698,461.4993837,47.5,44.83333333,47.0,43.16666667
272,Set,2009,2009-09-01,5846.802926,1830.0,2369.148918,410.4084513,2058.0624593000002,57383.0,365.7132862,445.634553,46.25,44.625,45.375,42.075
273,Out,2009,2009-10-01,3892.696245,723.0,2370.278884,416.1722024,1215.5895634000003,57383.0,350.8727337,426.2008242,45.16666667,44.16666667,44.33333333,40.0
274,Nov,2009,2009-11-01,2300.326594,186.0,2145.678943,553.3092918,521.9569428000004,57383.0,356.3730623,435.8350114,45.66666667,44.66666667,44.83333333,40.66666667
275,Dez,2009,2009-12-01,1057.346431,203.0,1709.135421,466.1552582,-388.6337318000001,57383.0,379.5065945,452.9974145,43.66666667,44.0,43.33333333,39.16666667
276,Jan,2010,2010-01-01,1769.245691,93.0,1767.264378,2479.163638,2388.144951,68919.0,375.7218173,411.2730014,32.4,39.53,39.35333333,32.39
277,Fev,2010,2010-02-01,7472.718521,664.0,2456.156621,8159.875142,12512.437042,68919.0,345.406854,360.105018,33.875,34.8,38.375,29.8
278,Mar,2010,2010-03-01,13944.22736,3086.0,3276.337524,9747.846367,17329.736203000004,68919.0,347.9560668,355.5807394,32.775,33.2,35.125,28.875
279,Abr,2010,2010-04-01,15611.58807,4913.0,3422.77349,5090.134196,12365.948776000001,68919.0,359.8355517,368.6544501,33.92,32.98,34.54,29.36
280,Mai,2010,2010-05-01,13838.46006,5696.0,3532.627304,1759.499289,6369.332044999999,68919.0,353.0009054,363.2896202,34.93333333,33.5,36.9,30.0
281,Jun,2010,2010-06-01,12510.2873,4040.0,3374.342006,2046.169252,7142.114546,68919.0,348.5485866,358.3963564,34.175,32.625,36.675,30.4
282,Jul,2010,2010-07-01,10747.7045,3999.0,3480.145601,1717.562802,4986.121701,68919.0,366.7191918,404.5669641,36.875,35.75,38.25,33.95
283,Ago,2010,2010-08-01,8341.578292,2966.0,3256.21978,850.0935695,2969.452081500001,68919.0,374.803182,419.6325822,40.33333333,39.5,40.93333333,38.6
284,Set,2010,2010-09-01,6338.263708,2009.0,2909.701334,906.38675,2325.949124,68919.0,384.3569886,442.0472823,40.175,41.375,42.5,40.275
285,Out,2010,2010-10-01,4867.574674,1013.0,3021.952233,1551.263199,2383.8856400000004,68919.0,417.7953117,458.9501709,42.3,42.375,43.3,42.25
286,Nov,2010,2010-11-01,3485.147353,301.0,2949.242594,1566.815273,1801.7200319999997,68919.0,460.7874414,492.0210399,46.25,44.5,45.95,46.5
287,Dez,2010,2010-12-01,2255.47983,293.0,2059.338202,829.6706791,732.8123071000005,68919.0,482.8346874,517.7428269,47.33333333,45.83333333,47.5,46.36666667
288,Jan,2011,2011-01-01,1297.881079,208.0,1962.16331,1004.564559,132.28232800000023,75248.0,514.8031941,539.0551647,47.9,47.6,49.6,44.5
289,Fev,2011,2011-02-01,5491.036867,225.0,2510.467341,6703.504208,9459.073734000001,75248.0,512.9659236,528.0315417,46.875,47.25,48.5,42.625
290,Mar,2011,2011-03-01,14582.88797,2734.0,3186.094378,12277.94548,20940.739071999997,75248.0,492.7559481,501.5748465,45.425,45.9,46.625,42.1
291,Abr,2011,2011-04-01,17946.55552,5090.0,3535.517065,6899.184613,16220.223068000003,75248.0,498.8189408,501.2073924,43.225,42.675,44.7,39.9
292,Mai,2011,2011-05-01,16618.14523,5306.0,3652.889967,2324.479681,9983.734944,75248.0,499.7605419,504.9048993,42.3,41.5,44.125,39.825
293,Jun,2011,2011-06-01,14518.09541,4554.0,3547.709587,1447.659771,7864.045594000001,75248.0,500.4724842,512.5984695,42.8,42.525,44.4,40.825
294,Jul,2011,2011-07-01,12208.703,3738.0,3451.174535,1141.78212,6161.310584999999,75248.0,500.7480748,530.7874475,42.925,43.225,44.775,40.4
295,Ago,2011,2011-08-01,10495.44541,3682.0,3072.865765,1359.608173,5100.187818,75248.0,496.4304891,526.1942712,44.425,43.125,46.1,41.525
296,Set,2011,2011-09-01,8941.372777,2798.0,3381.209117,1827.136487,4589.300147,75248.0,491.2861317,507.086658,47.125,45.75,48.675,44.95
297,Out,2011,2011-10-01,7134.002276,1413.0,3384.688796,1577.318295,3913.6317750000003,75248.0,442.7821905,467.0341611,45.95,44.45,46.925,43.775
298,Nov,2011,2011-11-01,5006.837758,1759.0,2896.034264,768.8697458,1120.6732397999995,75248.0,433.3891451,449.0978078,43.375,43.25,45.425,42.075
299,Dez,2011,2011-12-01,3034.338415,1470.0,2689.357347,716.8580039,-408.1609281000001,75248.0,428.382583,443.080747,43.66666667,42.33333333,44.43333333,40.86666667
300,Jan,2012,2012-01-01,2705.55839,1012.0,1955.991838,1627.211814,1364.7783660000005,67920.0,443.7008258,463.1758931,45.2,42.3,46.38,41.04
301,Fev,2012,2012-02-01,8025.517288,1568.0,3021.38195,8340.899238,11777.034576000002,67920.0,457.4803545,485.4987296,45.925,42.7,47.15,40.325
302,Mar,2012,2012-03-01,15195.27215,4237.0,3535.531142,10705.286,18128.027008,67920.0,495.9711715,521.1417773,50.825,50.25,53.25,46.575
303,Abr,2012,2012-04-01,18839.20429,4431.0,3653.457836,7297.389982,18052.136436,67920.0,527.0669747,553.7073969,54.95,53.775,57.125,52.0
304,Mai,2012,2012-05-01,18026.18707,7275.0,3799.120177,2986.102955,9938.169847999998,67920.0,523.5991266,549.9639583,58.2,55.5,60.2,57.125
305,Jun,2012,2012-06-01,16235.3885,4841.0,3535.582656,1744.784083,9603.589926999999,67920.0,526.8602818,565.5348258,61.06,57.4,62.3,60.14
306,Jul,2012,2012-07-01,13195.72055,4130.0,3269.675281,230.0073369,6026.0526059,67920.0,595.1608126,664.0584563,71.875,65.875,72.125,72.125
307,Ago,2012,2012-08-01,10418.21728,2431.0,3285.275984,507.7727126,5209.7140086,67920.0,610.5709189,705.3740767,77.6,74.6,75.7,75.88
308,Set,2012,2012-09-01,7694.290123,1681.0,3056.615044,332.6878841,3289.3629630999994,67920.0,618.7697385,731.3944202,82.75,78.925,80.775,77.125
309,Out,2012,2012-10-01,5570.731151,907.0,2677.763543,554.2045707,2540.1721786999997,67920.0,563.7205212,677.4475651,75.4,73.05,74.675,70.575
310,Nov,2012,2012-11-01,3451.565547,259.0,2461.933821,342.7682173,1073.3999433,67920.0,537.5118575,651.1470379,70.62,71.76,71.7,68.34
311,Dez,2012,2012-12-01,1586.232137,135.0,2181.576971,316.7363366,-413.60849740000003,67920.0,532.234298,543.1660574,70.27,69.33,72.17,67.33
312,Jan,2013,2013-01-01,1893.0,0.0,1751.0,2058.0,2200.0,81593.0,523.95,537.4,64.38,65.3,67.28,61.18
313,Fev,2013,2013-02-01,8049.86167,960.0,2386.507728,8543.369398,13246.72334,81593.0,537.58,546.83,58.0,60.63,60.9,50.65
314,Mar,2013,2013-03-01,14409.32205,3536.0,3260.785554,9620.245934,17232.78243,81593.0,531.5624,528.1635,56.51,54.125,48.685,59.2
315,Abr,2013,2013-04-01,16216.92296,7155.0,3603.967433,5411.568338,10869.523865000001,81593.0,514.3611,502.6011,54.71818182,51.22727273,47.70454545,56.59090909
316,Mai,2013,2013-05-01,14808.51934,7952.0,3795.871577,2387.467958,5448.115721,81593.0,527.0813035,517.6745835,64.25,56.0,67.75,60.25
317,Jun,2013,2013-06-01,12381.95193,6498.0,3463.789598,1037.222189,3457.3845209999995,81593.0,563.0987525,546.3797775,64.88,62.13,69.88,60.38
318,Jul,2013,2013-07-01,9519.518761,5658.0,3356.129584,493.6964168,999.0855937999991,81593.0,525.424104,523.8991865,64.69,63.38,69.25,60.13
319,Ago,2013,2013-08-01,7401.999957,5376.0,3306.570589,1189.051786,-91.51884599999994,81593.0,468.866,512.244,66.35,63.9,71.36,61.56
320,Set,2013,2013-09-01,6121.457473,3469.0,2987.276889,1706.734405,1371.9149890000003,81593.0,494.2156569,552.5483444,71.8,69.8,74.0,66.5
321,Out,2013,2013-10-01,4631.109541,1504.0,3033.12231,1542.774377,1636.7616079999993,81593.0,472.90815,587.55255,72.83,70.5,74.65,66.73
322,Nov,2013,2013-11-01,3074.24701,648.0,2847.646784,1290.784253,869.3844789999998,81593.0,475.4114031,590.2395281,73.4,70.8,74.7,67.4
323,Dez,2013,2013-12-01,1478.10133,41.0,2444.770868,1542.774377,535.1048390000001,81593.0,483.1737844,487.3075969,71.215,70.9725,70.7775,65.0625
324,Jan,2014,2014-01-01,2208.073916,31.0,1943.895451,2469.914281,2703.0927459999994,86397.0,470.7659165,472.3826965,66.05,66.6,67.8,59.2
325,Fev,2014,2014-02-01,8668.089724,2790.0,2437.265526,8897.281334,12338.105531999998,86397.0,496.1126175,498.960355,67.625,65.0,70.875,60.225
326,Mar,2014,2014-03-01,13424.95797,6229.0,3353.360185,8110.228436,11952.826221000001,86397.0,521.6641719,511.6511594,67.9375,66.625,70.0,60.4875
327,Abr,2014,2014-04-01,15101.42765,8251.0,3531.885763,5208.35544,8526.897327,86397.0,550.21963,530.52431,66.75,65.33333333,68.58333333,60.25
328,Mai,2014,2014-05-01,14215.93583,7610.0,3774.634289,2889.142468,5720.444009000001,86397.0,545.2958,535.7421,67.9,64.7,69.06,62.65
329,Jun,2014,2014-06-01,11648.69806,6893.0,3578.313596,1011.075828,2188.4602919999998,86397.0,528.4619969,529.0131719,67.25,65.5,67.625,61.875
330,Jul,2014,2014-07-01,8819.584735,6044.0,3432.91457,603.801242,-53.528593,86397.0,453.28632,511.26993,62.25,61.83333333,62.91666667,59.5
331,Ago,2014,2014-08-01,7041.729944,4119.0,3402.430209,1624.575419,1144.8751539999994,86397.0,402.4955438,505.1978188,63.5,63.4,64.25,61.0
332,Set,2014,2014-09-01,5625.42661,2670.0,3081.219455,1664.91612,1539.1232750000004,86397.0,361.1114875,467.212675,59.0625,59.5,58.75,57.75
333,Out,2014,2014-10-01,4794.72469,741.0,2958.515238,2127.813318,3223.0227699999996,86397.0,353.4317825,440.1499825,60.65,60.15,61.05,58.3
334,Nov,2014,2014-11-01,3244.746204,177.0,3163.436168,1613.457683,1517.7677189999995,86397.0,378.4735,459.3125,65.4375,65.0,66.375,61.25
335,Dez,2014,2014-12-01,1484.576891,139.0,2964.02588,1203.856567,-414.59242200000017,86397.0,377.5732475,399.3262875,64.0625,65.25,68.125,61.375
336,Jan,2015,2015-01-01,2077.7433,85.0,2518.202715,3111.369124,2585.909709,96994.0,369.2183531,390.5304531,59.45,60.3,63.26,54.66
337,Fev,2015,2015-02-01,6403.376419,869.0,2893.975554,7219.608673,9860.009537999998,96994.0,362.7879781,381.7116531,60.8125,60.25,63.25,55.8125
338,Mar,2015,2015-03-01,14139.21975,5592.0,3566.909248,11302.75258,16283.063082,96994.0,361.1114875,375.9932125,65.3125,64.75,67.2375,61.1375
339,Abr,2015,2015-04-01,17229.98348,6551.0,3760.63487,6851.398606,13769.747215999998,96994.0,359.005999,377.966419,62.6875,63.125,64.625,60.125
340,Mai,2015,2015-05-01,16138.18841,9341.0,3986.90962,2895.114543,5705.393333000002,96994.0,351.4429594,374.5923094,62.0,62.375,64.5,58.5625
341,Jun,2015,2015-06-01,13994.83189,9810.0,3753.165332,1609.808814,2041.4753719999994,96994.0,350.5473,370.573325,63.5625,63.25,66.125,58.25
342,Jul,2015,2015-07-01,11551.97805,8440.0,3809.688831,1366.834997,669.1242159999997,96994.0,372.3187125,394.9536325,68.875,67.375,72.375,62.25
343,Ago,2015,2015-08-01,9149.565542,5162.0,3580.914419,1178.501906,1585.1530289999996,96994.0,336.4280338,374.4591088,72.875,71.25,75.875,66.4625
344,Set,2015,2015-09-01,7415.710242,3705.0,3477.891178,1744.035878,1976.854942,96994.0,322.5659825,371.2163625,78.1875,79.375,79.875,72.125
345,Out,2015,2015-10-01,5927.02201,2594.0,3398.013993,1909.325761,1844.3337779999997,96994.0,330.33755,372.22685,79.6,75.75,83.2,75.5
346,Nov,2015,2015-11-01,3968.756773,1443.0,3087.433736,1129.168499,567.4915360000005,96994.0,319.4748094,353.6476594,78.875,77.0,80.75,70.8125
347,Dez,2015,2015-12-01,1530.960312,731.0,2722.733931,284.9374698,-1637.8361492000004,96994.0,322.6027275,333.2587775,78.58333333,76.5,81.75,71.0
348,Jan,2016,2016-01-01,1946.173424,394.0,2300.248696,2715.461808,1967.3865360000004,96199.0,321.6795094,333.5297719,77.83333333,74.16666667,83.16666667,72.66666667
349,Fev,2016,2016-02-01,9536.568624,2037.0,3293.379698,10883.7749,15089.963826,96199.0,320.5082625,331.8992125,73.25,73.875,78.25,70.125
350,Mar,2016,2016-03-01,15912.34933,8375.0,3844.207773,10219.98848,13913.130036999997,96199.0,327.4530675,340.9017375,68.875,68.875,72.125,64.25
351,Abr,2016,2016-04-01,16346.4007,10086.0,4094.176504,4528.227868,6694.452064,96199.0,357.5747813,378.7950188,73.6,70.16,74.45,67.55
352,Mai,2016,2016-05-01,15106.2339,9915.0,3965.846565,2725.679764,3951.067099,96199.0,392.1839781,418.5485156,84.125,79.375,82.125,81.875
353,Jun,2016,2016-06-01,12946.78516,7761.0,3646.005351,1486.556616,3026.3364249999995,96199.0,420.032095,468.388515,93.75,91.0,90.625,89.875
354,Jul,2016,2016-07-01,9746.135325,5787.0,3502.950263,302.3004259,758.4854879,96199.0,391.4950094,450.0114219,84.0,82.1,82.35,81.7
355,Ago,2016,2016-08-01,7608.69324,3816.0,3016.152194,878.7101093,1655.251155299999,96199.0,367.3581375,424.6803375,78.66666667,75.83333333,76.91666667,76.16666667
356,Set,2016,2016-09-01,6190.719419,1443.0,2876.534585,1458.560765,3329.7455990000003,96199.0,352.5453094,412.2559344,77.15,78.4,77.25,77.36
357,Out,2016,2016-10-01,4931.371423,998.0,3096.105214,1836.757218,2674.023426999999,96199.0,358.447475,402.0821625,74.9375,78.0,75.0,77.375
358,Nov,2016,2016-11-01,4006.740946,316.0,2982.238105,2057.607627,2766.1104679999994,96199.0,370.132385,393.502205,76.5,76.7,77.75,71.5
359,Dez,2016,2016-12-01,2207.911865,653.0,2912.720178,1113.891097,-243.91721600000028,96199.0,374.1865833,391.33425,74.6,75.5,77.35,69.0
360,Jan,2017,2017-01-01,3797.0,912.0,2737.0,4326.0,4474.0,113804.0,381.6427563,397.9942813,72.4375,73.625,74.125,66.625
361,Fev,2017,2017-02-01,12218.0,3509.0,3058.0,11480.0,17131.0,113804.0,383.9393188,403.3223063,69.0,67.5,71.0,64.75
362,Mar,2017,2017-03-01,18522.0,8979.0,3780.0,10084.0,15847.0,113804.0,369.1494563,382.8369688,65.5,61.15,65.75,60.9
363,Abr,2017,2017-04-01,18183.0,10432.0,3803.0,3464.0,7412.0,113804.0,347.97515,359.917275,62.0,58.4375,61.6125,58.0
364,Mai,2017,2017-05-01,16176.0,10960.0,3812.0,1805.0,3209.0,113804.0,351.686395,373.880375,64.625,61.375,65.8,60.125
365,Jun,2017,2017-06-01,13391.0,9197.0,3591.0,806.0,1409.0,113804.0,339.4549031,360.5832781,64.6,61.85,65.85,60.4
366,Jul,2017,2017-07-01,10889.0,6955.0,3863.0,1361.0,1432.0,113804.0,366.6232375,390.6912125,67.4375,65.25,68.875,62.45
367,Ago,2017,2017-08-01,8202.0,5952.0,3450.0,763.0,-437.0,113804.0,346.615585,379.465615,64.4375,63.0,66.75,60.125
368,Set,2017,2017-09-01,7373.0,4272.0,3326.0,2498.0,2273.0,113804.0,355.2322875,385.3631875,65.8,64.85,67.15,62.0
369,Out,2017,2017-10-01,6058.0,2487.0,3641.0,2326.0,2256.0,113804.0,356.7250531,378.6801906,67.5,66.375,68.25,63.75
370,Nov,2017,2017-11-01,5087.0,2143.0,3435.0,2463.0,1972.0,113804.0,363.885735,388.357905,70.0,68.5,70.075,65.125
371,Dez,2017,2017-12-01,3093.0,2356.0,3342.0,1348.0,-1257.0,113804.0,361.6856281,381.8953781,70.8,68.45,70.65,65.3
372,Jan,2018,2018-01-01,4115.0,1564.0,3061.0,4083.0,3573.0,123081.0,358.667945,380.714945,68.125,66.625,68.75,63.625
373,Fev,2018,2018-02-01,10983.0,2864.0,3214.0,10081.0,14986.0,123081.0,374.7530688,398.4535938,69.75,69.375,70.5,65.125
374,Mar,2018,2018-03-01,20658.0,8814.0,4051.0,13727.0,21520.0,123081.0,380.7930281,412.3018656,74.45,73.95,75.75,69.3
375,Abr,2018,2018-04-01,22628.0,10259.0,4107.0,6076.0,14338.0,123081.0,379.5988156,427.3673156,81.3125,79.75,81.3375,74.625
376,Mai,2018,2018-05-01,19556.0,12353.0,3629.0,557.0,4131.0,123081.0,376.3239175,406.8222675,81.0,79.625,82.25,76.875
377,Jun,2018,2018-06-01,16715.0,10420.0,4001.0,1161.0,3455.0,123081.0,338.7200031,385.3861531,79.05,75.05,79.55,70.9
378,Jul,2018,2018-07-01,14452.0,10198.0,4128.0,1865.0,1991.0,123081.0,312.9525719,393.6997094,83.0,77.25,81.83333333,77.0
379,Ago,2018,2018-08-01,12335.0,8118.0,3945.0,1828.0,2100.0,123081.0,318.027975,393.355225,85.2,81.35,84.8,78.0
380,Set,2018,2018-09-01,10878.0,4561.0,3652.0,2195.0,4860.0,123081.0,308.474275,394.3657125,90.4375,90.0,89.75,82.125
381,Out,2018,2018-10-01,9263.0,5218.0,3483.0,1868.0,2430.0,123081.0,315.6211775,402.8538075,85.875,84.125,87.0,77.75
382,Nov,2018,2018-11-01,6300.0,4817.0,3297.0,334.0,-1480.0,123081.0,324.8717313,368.9657313,79.45,78.7,82.5,73.0
383,Dez,2018,2018-12-01,2544.0,4071.0,2988.0,-675.0,-5190.0,123081.0,335.7344719,351.4429594,75.9375,77.125,80.25,71.0
384,Jan,2019,2019-01-01,6969.0,2034.0,2894.0,7319.0,9360.0,120751.0,334.3978725,348.8019125,72.8125,70.75,77.875,68.375
385,Fev,2019,2019-02-01,17186.0,5267.0,3276.0,13492.0,22135.0,120751.0,334.7699156,354.0610406,73.5625,71.25,76.375,68.25
386,Mar,2019,2019-03-01,23272.0,8459.0,3905.0,9991.0,20899.0,120751.0,329.2811313,342.7849188,74.35,71.5,75.05,70.4
387,Abr,2019,2019-04-01,23357.0,9404.0,4033.0,4118.0,14038.0,120751.0,324.1138656,334.7699156,72.6875,70.125,73.75,68.875
388,Mai,2019,2019-05-01,20889.0,10012.0,3911.0,1443.0,8409.0,120751.0,308.033335,335.077655,74.3,71.4,75.85,69.3
389,Jun,2019,2019-06-01,17909.0,8553.0,3912.0,932.0,6376.0,120751.0,325.6755281,362.4205281,77.4375,74.625,80.0,71.3125
390,Jul,2019,2019-07-01,15238.0,7443.0,3903.0,1231.0,5123.0,120751.0,324.5134675,353.5420175,74.0625,72.375,77.8125,69.75
391,Ago,2019,2019-08-01,13306.0,5004.0,3446.0,1514.0,6370.0,120751.0,314.4453375,361.2952125,80.75,77.9,81.75,76.45
392,Set,2019,2019-09-01,11300.0,4604.0,3480.0,1474.0,4690.0,120751.0,321.0135063,359.4120313,81.3125,81.25,82.625,78.875
393,Out,2019,2019-10-01,8905.0,5076.0,3804.0,1410.0,1435.0,120751.0,339.4319375,369.3423675,84.0625,82.25,85.125,80.75
394,Nov,2019,2019-11-01,6165.0,4947.0,3473.0,733.0,-1522.0,120751.0,331.1183813,364.4644688,86.1875,84.25,86.5,84.375
395,Dez,2019,2019-12-01,3268.0,3270.0,3418.0,521.0,-2899.0,120751.0,330.705,368.0624167,85.375,86.25,85.75,83.75
396,Jan,2020,2020-01-01,5646.0,1397.0,2934.0,5312.0,6627.0,127989.0,339.5238,357.2532625,83.5,81.2,84.4,79.95
397,Fev,2020,2020-02-01,17808.0,4834.0,3408.0,15570.0,25136.0,127989.0,325.4688375,345.954175,83.125,79.625,85.375,79.25
398,Mar,2020,2020-03-01,27730.0,10853.0,4238.0,14160.0,26799.0,127989.0,320.2556406,342.5782281,89.5,84.875,92.625,84.75
399,Abr,2020,2020-04-01,28767.0,14855.0,4299.0,5336.0,14949.0,127989.0,309.944075,331.256175,96.1875,93.25,98.375,92.75
400,Mai,2020,2020-05-01,26073.0,14108.0,4444.0,1749.0,9270.0,127989.0,309.3240031,341.3840156,105.25,98.9,107.6,100.35
401,Jun,2020,2020-06-01,22220.0,12742.0,4285.0,432.0,5625.0,127989.0,318.0968719,364.9467469,106.3125,103.625,109.5,101.625
402,Jul,2020,2020-07-01,18252.0,9955.0,4352.0,384.0,4329.0,127989.0,327.83889,376.04833,112.1,112.7,117.6,112.7
403,Ago,2020,2020-08-01,15112.0,5837.0,4106.0,966.0,6135.0,127989.0,329.6715469,394.4346094,128.125,127.25,132.5,127.75
404,Set,2020,2020-09-01,11409.0,4261.0,3982.0,279.0,3445.0,127989.0,366.707751,430.644051,140.75,137.75,145.25,144.0
405,Out,2020,2020-10-01,7595.0,2422.0,4123.0,310.0,1360.0,127989.0,390.7141781,480.2801156,167.0,165.0,166.1,169.7
406,Nov,2020,2020-11-01,4968.0,1436.0,3312.0,684.0,904.0,127989.0,422.4297063,510.6177063,171.5,176.75,166.875,179.5
407,Dez,2020,2020-12-01,2350.0,274.0,3364.0,746.0,-542.0,127989.0,445.1840475,467.8189675,143.25,154.75,146.0,152.75
408,Jan,2021,2021-01-01,1806.0,49.0,2562.0,2017.0,1212.0,138856.0,508.5737656,525.3846031,164.8,162.0,164.6,157.2
409,Fev,2021,2021-02-01,11440.0,2646.0,3097.0,12732.0,18429.0,138856.0,507.9536938,513.4654438,163.625,164.375,167.5,159.0
410,Mar,2021,2021-03-01,26253.0,12694.0,4317.0,19129.0,28371.0,138856.0,522.2383125,519.9601225,161.4165,167.16775,170.5,165.29225
411,Abr,2021,2021-04-01,27805.0,16115.0,4477.0,6029.0,13242.0,138856.0,537.2348656,539.4395656,173.2,172.6,174.0,170.6
412,Mai,2021,2021-05-01,23730.0,14966.0,4577.0,502.0,4689.0,138856.0,579.1012,572.7320667,173.0,173.125,161.5,171.125
413,Jun,2021,2021-06-01,19707.0,11067.0,4436.0,413.0,4617.0,138856.0,544.450665,549.227515,159.75,156.75,158.0,156.0
414,Jul,2021,2021-07-01,14716.0,8670.0,4479.0,-512.0,1055.0,138856.0,522.7894875,551.4505875,165.0,164.1,164.1,164.0
415,Ago,2021,2021-08-01,12046.0,6482.0,4018.0,1348.0,2894.0,138856.0,494.52,551.93,170.25,167.75,170.0,175.0
416,Set,2021,2021-09-01,9659.0,4827.0,3914.0,1527.0,2445.0,138856.0,471.03,549.01,171.75,170.63,172.63,172.5
417,Out,2021,2021-10-01,7732.0,3293.0,4101.0,2174.0,2512.0,138856.0,452.15,521.32,170.1,170.0,172.0,166.0
418,Nov,2021,2021-11-01,5990.0,2587.0,3830.0,2087.0,1660.0,138856.0,457.34,505.75,163.88,162.75,166.75,157.0
419,Dez,2021,2021-12-01,3315.0,2712.0,3974.0,1299.0,-2072.0,138856.0,473.06,502.82,170.7,169.9,175.3,160.3
420,Jan,2022,2022-01-01,5004.0,2452.0,3119.0,4809.0,4242.0,129944.0,515.78,535.26,180.13,178.75,187.88,171.13
421,Fev,2022,2022-02-01,14881.0,6272.0,3705.0,13582.0,18486.0,129944.0,588.15,629.49,194.38,194.5,207.25,183.38
422,Mar,2022,2022-03-01,25059.0,12191.0,4645.0,14823.0,23046.0,129944.0,617.02,672.95,199.5,199.75,209.75,188.63
423,Abr,2022,2022-04-01,24415.0,11473.0,4604.0,3959.0,12297.0,129944.0,621.79,667.63,184.7,185.5,192.0,174.4
424,Mai,2022,2022-05-01,22420.0,10640.0,4786.0,2792.0,9786.0,129944.0,615.43,640.24,190.75,192.38,196.75,180.25
425,Jun,2022,2022-06-01,18736.0,9990.0,4531.0,846.0,5061.0,129944.0,623.45,642.93,193.38,193.38,196.0,179.25
426,Jul,2022,2022-07-01,15045.0,7506.0,4781.0,1089.0,3847.0,129944.0,569.2,606.55,188.9,189.5,191.4,174.2
427,Ago,2022,2022-08-01,12020.0,5945.0,4619.0,1595.0,3051.0,129944.0,572.45,640.21,186.13,186.25,187.25,174.75
428,Set,2022,2022-09-01,9564.0,4063.0,4072.0,1616.0,3045.0,129944.0,538.66,614.9,184.7,184.7,184.1,172.9
429,Out,2022,2022-10-01,6996.0,3830.0,4106.0,1537.0,597.0,129944.0,505.27,595.29,184.13,183.25,183.25,170.75
430,Nov,2022,2022-11-01,5193.0,2550.0,4020.0,2217.0,840.0,129944.0,531.35,608.96,186.0,185.63,185.0,172.25
431,Dez,2022,2022-12-01,3223.0,2020.0,3944.0,1975.0,-766.0,129944.0,545.82,604.16,180.9,181.8,184.3,169.1
432,Jan,2023,2023-01-01,5329.0,840.0,3411.0,5516.0,6594.0,160300.0,553.04,575.08,175.0,175.75,181.25,164.25
433,Fev,2023,2023-02-01,16785.0,5017.0,3704.0,15161.0,23225.0,160300.0,560.84,565.25,171.5,171.88,173.75,159.5
434,Mar,2023,2023-03-01,29084.0,13241.0,5011.0,17309.0,28141.0,160300.0,547.21,533.76,155.1,160.5,162.7,147.3
435,Abr,2023,2023-04-01,29408.0,14336.0,4772.0,5097.0,15397.0,160300.0,547.29,488.78,134.63,140.5,142.13,127.25
436,Mai,2023,2023-05-01,26422.0,15584.0,5043.0,2057.0,7852.0,160300.0,511.29,483.73,130.88,135.0,134.0,118.63
437,Jun,2023,2023-06-01,22377.0,13745.0,4930.0,885.0,4587.0,160300.0,525.02,480.92,127.9,133.2,136.7,116.7
438,Jul,2023,2023-07-01,18397.0,9696.0,5099.0,1119.0,4721.0,160300.0,557.79,546.77,139.75,142.88,148.0,123.13
439,Ago,2023,2023-08-01,15849.0,8387.0,4921.0,2373.0,4914.0,160300.0,509.58,550.73,142.0,146.0,151.75,128.75
440,Set,2023,2023-09-01,13451.0,6398.0,4447.0,2049.0,4655.0,160300.0,488.66,526.6,139.1,144.9,150.6,129.3
441,Out,2023,2023-10-01,10618.0,5600.0,4289.0,1455.0,2184.0,160300.0,470.77,502.19,136.63,141.5,145.75,127.0
442,Nov,2023,2023-11-01,8644.0,5196.0,4238.0,2265.0,1475.0,160300.0,493.26,522.22,136.88,141.75,148.25,128.88
443,Dez,2023,2023-12-01,5651.0,3829.0,4299.0,1306.0,-1171.0,160300.0,480.26,511.49,139.1,142.8,147.5,132.9
444,Jan,2024,2024-01-01,6703.0,2855.0,3478.0,4596.0,4966.0,153500.0,453.18,434.66,117.63,123.5,127.5,113.88
445,Fev,2024,2024-02-01,14031.0,6608.0,3652.0,10980.0,14751.0,153500.0,427.55,390.81,110.5,115.25,119.0,104.25
446,Mar,2024,2024-03-01,19841.0,12600.0,4378.0,10189.0,13052.0,153500.0,433.96,416.05,116.7,119.5,119.3,111.1
447,Abr,2024,2024-04-01,23848.0,14688.0,4353.0,8360.0,13167.0,153500.0,428.31,424.18,123.25,124.38,124.0,116.75
448,Mai,2024,2024-05-01,23142.0,13437.0,4289.0,3582.0,8998.0,153500.0,446.56,449.13,130.7,133.3,131.1,123.0
449,Jun,2024,2024-06-01,20017.0,13960.0,4281.0,1156.0,2932.0,153500.0,430.95,443.17,132.0,135.88,135.5,126.13
450,Jul,2024,2024-07-01,17397.0,11250.0,4437.0,1817.0,3527.0,153500.0,408.2,427.68,132.25,135.88,135.25,127.5
451,Ago,2024,2024-08-01,14094.0,8042.0,4368.0,1065.0,2749.0,153500.0,360.24,408.93,131.0,131.6,131.3,128.6
452,Set,2024,2024-09-01,11915.0,6106.0,4194.0,2014.0,3629.0,153500.0,372.32,431.75,138.38,137.38,136.0,134.0
453,Out,2024,2024-10-01,9149.0,4710.0,4447.0,1682.0,1674.0,153500.0,369.67,429.13,142.75,138.25,136.5,141.13
454,Nov,2024,2024-11-01,6693.0,2553.0,4145.0,1688.0,1683.0,153500.0,366.16,418.34,141.6,140.1,136.8,152.1
455,Dez,2024,2024-12-01,3940.0,2006.0,4218.0,1466.0,-818.0,153500.0,358.31,392.3,136.13,135.88,135.75,129.5
456,Jan,2025,2025-01-01,0.0,1073.0,0.0,0.0,-1073.0,171700.0,378.2,384.81,129.15,131.4,135.4,118.8
457,Fev,2025,2025-02-01,0.0,0.0,0.0,0.0,0.0,171700.0,0.0,0.0,0.0,0.0,0.0,0.0
458,Mar,2025,2025-03-01,0.0,0.0,0.0,0.0,0.0,171700.0,0.0,0.0,0.0,0.0,0.0,0.0
459,Abr,2025,2025-04-01,0.0,0.0,0.0,0.0,0.0,171700.0,0.0,0.0,0.0,0.0,0.0,0.0
460,Mai,2025,2025-05-01,0.0,0.0,0.0,0.0,0.0,171700.0,0.0,0.0,0.0,0.0,0.0,0.0
461,Jun,2025,2025-06-01,0.0,0.0,0.0,0.0,0.0,171700.0,0.0,0.0,0.0,0.0,0.0,0.0
462,Jul,2025,2025-07-01,0.0,0.0,0.0,0.0,0.0,171700.0,0.0,0.0,0.0,0.0,0.0,0.0
463,Ago,2025,2025-08-01,0.0,0.0,0.0,0.0,0.0,171700.0,0.0,0.0,0.0,0.0,0.0,0.0
464,Set,2025,2025-09-01,0.0,0.0,0.0,0.0,0.0,171700.0,0.0,0.0,0.0,0.0,0.0,0.0
465,Out,2025,2025-10-01,0.0,0.0,0.0,0.0,0.0,171700.0,0.0,0.0,0.0,0.0,0.0,0.0
466,Nov,2025,2025-11-01,0.0,0.0,0.0,0.0,0.0,171700.0,0.0,0.0,0.0,0.0,0.0,0.0
467,Dez,2025,2025-12-01,0.0,0.0,0.0,0.0,0.0,171700.0,0.0,0.0,0.0,0.0,0.0,0.0
